{
    "type": "FeatureCollection",
    "features": [
        {
            "type": "Feature",
            "geometry": {
                "type": "Point",
                "coordinates": [
                    8.972344,
                    45.501624,
                    0
                ]
            },
            "properties": {
                "name": "hscale MXP1",
                "address": "Via Padre Massimiliano Kolbe 20004 Arluno Milano Italia",
                "styleUrl": "#0",
                "label-scale": 0,
                "icon-scale": 1,
                "icon-offset": [
                    0.3,
                    0.8
                ],
                "icon-offset-units": [
                    "fraction",
                    "fraction"
                ],
                "icon": "https://batchgeo.com/images/icons/red_shadow_Marker.png",
                "ID": "31",
                "regione": "Lombardia",
                "stato": "Italia"
            },
            "bbox": [
                8.972344,
                45.501624,
                8.972344,
                45.501624
            ]
        },
        {
            "type": "Feature",
            "geometry": {
                "type": "Point",
                "coordinates": [
                    9.15109,
                    45.409424,
                    0
                ]
            },
            "properties": {
                "name": "ITnet - Milano",
                "address": "Via del Bosco Rinnovato, 8 20090 Asago Milano Italia",
                "styleUrl": "#0",
                "label-scale": 0,
                "icon-scale": 1,
                "icon-offset": [
                    0.3,
                    0.8
                ],
                "icon-offset-units": [
                    "fraction",
                    "fraction"
                ],
                "icon": "https://batchgeo.com/images/icons/red_shadow_Marker.png",
                "ID": "118",
                "regione": "Lombardia",
                "stato": "Italia"
            },
            "bbox": [
                9.15109,
                45.409424,
                9.15109,
                45.409424
            ]
        },
        {
            "type": "Feature",
            "properties": {
                "name": "Via Caldera Campus",
                "address": "Via Caldera 21/C",
                "ID": 60,
                "fill-opacity": 0
            },
            "geometry": {
                "type": "Polygon",
                "coordinates": [
                    [
                        [
                            9.100793,
                            45.477125
                        ],
                        [
                            9.100975,
                            45.476525
                        ],
                        [
                            9.102344,
                            45.474757
                        ],
                        [
                            9.103724,
                            45.474821
                        ],
                        [
                            9.104215,
                            45.474493
                        ],
                        [
                            9.106348,
                            45.477844
                        ],
                        [
                            9.104283,
                            45.478572
                        ],
                        [
                            9.103724,
                            45.477796
                        ],
                        [
                            9.103336,
                            45.47794
                        ],
                        [
                            9.103063,
                            45.477708
                        ],
                        [
                            9.1028,
                            45.477676
                        ],
                        [
                            9.102104,
                            45.478068
                        ],
                        [
                            9.10142,
                            45.477828
                        ],
                        [
                            9.101523,
                            45.477405
                        ],
                        [
                            9.100793,
                            45.477125
                        ]
                    ]
                ]
            },
            "bbox": [
                9.100793,
                45.474493,
                9.106348,
                45.478572
            ]
        },
        {
            "type": "Feature",
            "properties": {
                "address": "Via Caldera 21 20153 Milano Milano Italia",
                "styleUrl": "https://www.avaloncampus.it/avalon1/",
                "name": "[Avalon 1_Campus Via Caldera _ALA 2)",
                "fill-opacity": 0
            },
            "geometry": {
                "type": "Polygon",
                "coordinates": [
                    [
                        [
                            9.1022,
                            45.47506
                        ],
                        [
                            9.102292,
                            45.474911
                        ],
                        [
                            9.103346,
                            45.475309
                        ],
                        [
                            9.104147,
                            45.47474
                        ],
                        [
                            9.104299,
                            45.474847
                        ],
                        [
                            9.103447,
                            45.47543
                        ],
                        [
                            9.103174,
                            45.47624
                        ],
                        [
                            9.102981,
                            45.476197
                        ],
                        [
                            9.103255,
                            45.475401
                        ],
                        [
                            9.1022,
                            45.47506
                        ]
                    ]
                ]
            },
            "bbox": [
                9.1022,
                45.47474,
                9.104299,
                45.47624
            ]
        },
        {
            "type": "Feature",
            "properties": {
                "name": "[Avalon 1_Campus Via Caldera _GreenBuilding)",
                "fill-opacity": 0
            },
            "geometry": {
                "type": "Polygon",
                "coordinates": [
                    [
                        [
                            9.10445,
                            45.477389
                        ],
                        [
                            9.104639,
                            45.477318
                        ],
                        [
                            9.104896,
                            45.477692
                        ],
                        [
                            9.104986,
                            45.477598
                        ],
                        [
                            9.10487,
                            45.477548
                        ],
                        [
                            9.105052,
                            45.477352
                        ],
                        [
                            9.105334,
                            45.477478
                        ],
                        [
                            9.105157,
                            45.477669
                        ],
                        [
                            9.105045,
                            45.477623
                        ],
                        [
                            9.104961,
                            45.477714
                        ],
                        [
                            9.10554,
                            45.47773
                        ],
                        [
                            9.10554,
                            45.477847
                        ],
                        [
                            9.1049,
                            45.477832
                        ],
                        [
                            9.104588,
                            45.478209
                        ],
                        [
                            9.104428,
                            45.478153
                        ],
                        [
                            9.104791,
                            45.477771
                        ],
                        [
                            9.10445,
                            45.477389
                        ]
                    ]
                ]
            },
            "bbox": [
                9.104428,
                45.477318,
                9.10554,
                45.478209
            ]
        },
        {
            "type": "Feature",
            "properties": {
                "name": "[Avalon 1_Campus Via Caldera _Yelo)",
                "address": "Via Caldera 21 20153 Milano Milano Italia",
                "info": "https://www.avaloncampus.it/avalon1/",
                "fill-opacity": 0
            },
            "geometry": {
                "type": "Polygon",
                "coordinates": [
                    [
                        [
                            9.101044,
                            45.47656
                        ],
                        [
                            9.102109,
                            45.47693
                        ],
                        [
                            9.102849,
                            45.476354
                        ],
                        [
                            9.102991,
                            45.476446
                        ],
                        [
                            9.102219,
                            45.477005
                        ],
                        [
                            9.102325,
                            45.477068
                        ],
                        [
                            9.102447,
                            45.476961
                        ],
                        [
                            9.102769,
                            45.477093
                        ],
                        [
                            9.102588,
                            45.477323
                        ],
                        [
                            9.102266,
                            45.477206
                        ],
                        [
                            9.102302,
                            45.477111
                        ],
                        [
                            9.102194,
                            45.477068
                        ],
                        [
                            9.101947,
                            45.477804
                        ],
                        [
                            9.101744,
                            45.477768
                        ],
                        [
                            9.102028,
                            45.47705
                        ],
                        [
                            9.100953,
                            45.476667
                        ],
                        [
                            9.101044,
                            45.47656
                        ]
                    ]
                ]
            },
            "bbox": [
                9.100953,
                45.476354,
                9.102991,
                45.477804
            ]
        },
        {
            "type": "Feature",
            "geometry": {
                "type": "Polygon",
                "coordinates": [
                    [
                        [
                            9.103474,
                            45.475608
                        ],
                        [
                            9.103666,
                            45.475354
                        ],
                        [
                            9.104016,
                            45.475485
                        ],
                        [
                            9.103836,
                            45.475727
                        ],
                        [
                            9.103474,
                            45.475608
                        ]
                    ]
                ]
            },
            "properties": {
                "Name": "Retelit Avalon 1",
                "Azienda": " Retelit SPA",
                "indirizzo": " Via Caldera 21, 20153",
                "info": "https://www.datacentermap.com/italy/milan/avalon-campus/"
            },
            "bbox": [
                9.103474,
                45.475354,
                9.104016,
                45.475727
            ]
        },
        {
            "type": "Feature",
            "geometry": {
                "type": "Polygon",
                "coordinates": [
                    [
                        [
                            9.10225,
                            45.477204
                        ],
                        [
                            9.102433,
                            45.476966
                        ],
                        [
                            9.102772,
                            45.477095
                        ],
                        [
                            9.102584,
                            45.477329
                        ],
                        [
                            9.10225,
                            45.477204
                        ]
                    ]
                ]
            },
            "properties": {
                "Name": "CDLAN Caldera 21",
                "Azienda": "CDLAN SpA",
                "indirizzo": "Via Caldera 21, 20153",
                "info": "https://www.datacentermap.com/italy/milan/caldera21/",
                "ID": 22
            },
            "bbox": [
                9.10225,
                45.476966,
                9.102772,
                45.477329
            ]
        },
        {
            "type": "Feature",
            "properties": {
                "name": "Noovle DC Cesano Maderno",
                "Azienda": "Noovle S.p.A.",
                "address": "Via Fulvio Bracco, 39, 20811, Cesano Maderno, Milano, Lombardia, Italia",
                "ID": 54
            },
            "geometry": {
                "type": "Polygon",
                "coordinates": [
                    [
                        [
                            9.110623,
                            45.635709
                        ],
                        [
                            9.110759,
                            45.635167
                        ],
                        [
                            9.110942,
                            45.635181
                        ],
                        [
                            9.110942,
                            45.635208
                        ],
                        [
                            9.110997,
                            45.635216
                        ],
                        [
                            9.111028,
                            45.635093
                        ],
                        [
                            9.111296,
                            45.635123
                        ],
                        [
                            9.111285,
                            45.635172
                        ],
                        [
                            9.11139,
                            45.635183
                        ],
                        [
                            9.111257,
                            45.635774
                        ],
                        [
                            9.110623,
                            45.635709
                        ]
                    ]
                ]
            },
            "bbox": [
                9.110623,
                45.635093,
                9.11139,
                45.635774
            ]
        },
        {
            "type": "Feature",
            "properties": {
                "fill-opacity": 0,
                "address": "Via Giovanni Pascoli 20009 Vittuone Milano Italia",
                "name": "DATA4 Milan Campus MIL02",
                "Azienda": "DATA4",
                "ID": 111,
                "altro": "https://www.datacentermap.com/italy/milan/data4-milan-mil02-dc2/",
                "indirizzo": "Via Giovanni Pascoli, 20009, Vittuone, Milano, Lombardia, Italia"
            },
            "geometry": {
                "type": "Polygon",
                "coordinates": [
                    [
                        [
                            8.959337,
                            45.480789
                        ],
                        [
                            8.959304,
                            45.479121
                        ],
                        [
                            8.961521,
                            45.479034
                        ],
                        [
                            8.961547,
                            45.480771
                        ],
                        [
                            8.960904,
                            45.480775
                        ],
                        [
                            8.960081,
                            45.480775
                        ],
                        [
                            8.959337,
                            45.480789
                        ]
                    ]
                ]
            },
            "bbox": [
                8.959304,
                45.479034,
                8.961547,
                45.480789
            ]
        },
        {
            "type": "Feature",
            "properties": {
                "name": "QTS Vimercate Campus",
                "address": "Via John Fitzgerald Kennedy 34, 20871, Vimercate, Monza e Brianza, Lombardia, Italia",
                "ID": 102,
                "altro": "https://www.datacentermap.com/italy/milan/qts-vimercate-campus/",
                "fill-opacity": 0
            },
            "geometry": {
                "type": "Polygon",
                "coordinates": [
                    [
                        [
                            9.356675,
                            45.631374
                        ],
                        [
                            9.355879,
                            45.627728
                        ],
                        [
                            9.361412,
                            45.62712
                        ],
                        [
                            9.362121,
                            45.630817
                        ],
                        [
                            9.356675,
                            45.631374
                        ]
                    ]
                ]
            },
            "bbox": [
                9.355879,
                45.62712,
                9.362121,
                45.631374
            ]
        },
        {
            "type": "Feature",
            "properties": {
                "name": "Amazon AWS MIL - Zibido San Giacomo",
                "address": "Strada Provinziale 390, 37, 20058, Zibido San Giacomo, Milano, Lombardia, Italia",
                "ID": 33,
                "Azienda": "Amazon AWS",
                "info": "https://www.datacentermap.com/italy/milan/amazon-aws-mil-zibido-san-giacomo/",
                "Name": "Amazon AWS MIL - Zibido San Giacomo",
                "indirizzo": "Strada Provinziale 390, 37, 20058, Zibido San Giacomo, Milano, Lombardia, Italia"
            },
            "geometry": {
                "type": "Polygon",
                "coordinates": [
                    [
                        [
                            9.126798,
                            45.365951
                        ],
                        [
                            9.125862,
                            45.364808
                        ],
                        [
                            9.125185,
                            45.365091
                        ],
                        [
                            9.124393,
                            45.364403
                        ],
                        [
                            9.125761,
                            45.362643
                        ],
                        [
                            9.126668,
                            45.36323
                        ],
                        [
                            9.126524,
                            45.363301
                        ],
                        [
                            9.12841,
                            45.365445
                        ],
                        [
                            9.126798,
                            45.365951
                        ]
                    ]
                ]
            },
            "bbox": [
                9.124393,
                45.362643,
                9.12841,
                45.365951
            ]
        },
        {
            "type": "Feature",
            "properties": {
                "name": "Caldera Park_Blue Building",
                "address": "Via Caldera 21 20153 Milano Milano Italia",
                "altro": "https://www.avaloncampus.it/public/CMS/Files/3111/avalon-1-layout.webp",
                "fill-opacity": 0
            },
            "geometry": {
                "type": "Polygon",
                "coordinates": [
                    [
                        [
                            9.104002,
                            45.476799
                        ],
                        [
                            9.104002,
                            45.476698
                        ],
                        [
                            9.104578,
                            45.476715
                        ],
                        [
                            9.104499,
                            45.476607
                        ],
                        [
                            9.104392,
                            45.476653
                        ],
                        [
                            9.104248,
                            45.476447
                        ],
                        [
                            9.104536,
                            45.476346
                        ],
                        [
                            9.10469,
                            45.476548
                        ],
                        [
                            9.104578,
                            45.476588
                        ],
                        [
                            9.104639,
                            45.476702
                        ],
                        [
                            9.104927,
                            45.476363
                        ],
                        [
                            9.105076,
                            45.476418
                        ],
                        [
                            9.10476,
                            45.476767
                        ],
                        [
                            9.105057,
                            45.477165
                        ],
                        [
                            9.104894,
                            45.477223
                        ],
                        [
                            9.104601,
                            45.476824
                        ],
                        [
                            9.104002,
                            45.476799
                        ]
                    ]
                ]
            },
            "bbox": [
                9.104002,
                45.476346,
                9.105076,
                45.477223
            ]
        },
        {
            "type": "Feature",
            "geometry": {
                "type": "Polygon",
                "coordinates": [
                    [
                        [
                            9.103353,
                            45.477779
                        ],
                        [
                            9.103093,
                            45.477411
                        ],
                        [
                            9.103828,
                            45.477137
                        ],
                        [
                            9.104095,
                            45.477502
                        ],
                        [
                            9.103353,
                            45.477779
                        ]
                    ]
                ]
            },
            "properties": {
                "Name": "Telnet Caldera",
                "Azienda": "Telnet s.r.l.",
                "indirizzo": "Via Caldera 21, 20153",
                "info": "https://www.datacentermap.com/italy/milan/telnet-caldera-milan/"
            },
            "bbox": [
                9.103093,
                45.477137,
                9.104095,
                45.477779
            ]
        },
        {
            "type": "Feature",
            "geometry": {
                "type": "Polygon",
                "coordinates": [
                    [
                        [
                            9.120107,
                            45.448383
                        ],
                        [
                            9.120663,
                            45.447607
                        ],
                        [
                            9.121344,
                            45.447847
                        ],
                        [
                            9.12072,
                            45.44871
                        ],
                        [
                            9.120034,
                            45.448498
                        ],
                        [
                            9.120107,
                            45.448383
                        ]
                    ]
                ]
            },
            "properties": {
                "Name": "Retelit Avalon 3",
                "Azienda": "Retelit SPA",
                "indirizzo": "Via Bisceglie 95, 20152",
                "info": "https://www.datacentermap.com/italy/milan/enter/"
            },
            "bbox": [
                9.120034,
                45.447607,
                9.121344,
                45.44871
            ]
        },
        {
            "type": "Feature",
            "geometry": {
                "type": "Polygon",
                "coordinates": [
                    [
                        [
                            9.00413,
                            45.522442
                        ],
                        [
                            9.004383,
                            45.522196
                        ],
                        [
                            9.005394,
                            45.522714
                        ],
                        [
                            9.005518,
                            45.522593
                        ],
                        [
                            9.005579,
                            45.522623
                        ],
                        [
                            9.005857,
                            45.522364
                        ],
                        [
                            9.005006,
                            45.521932
                        ],
                        [
                            9.004876,
                            45.522066
                        ],
                        [
                            9.004352,
                            45.521803
                        ],
                        [
                            9.005148,
                            45.521068
                        ],
                        [
                            9.005308,
                            45.521163
                        ],
                        [
                            9.005456,
                            45.521034
                        ],
                        [
                            9.006227,
                            45.521448
                        ],
                        [
                            9.006085,
                            45.521565
                        ],
                        [
                            9.006967,
                            45.522023
                        ],
                        [
                            9.007102,
                            45.521893
                        ],
                        [
                            9.007657,
                            45.522178
                        ],
                        [
                            9.006886,
                            45.522891
                        ],
                        [
                            9.006097,
                            45.522472
                        ],
                        [
                            9.00545,
                            45.523086
                        ],
                        [
                            9.004839,
                            45.522753
                        ],
                        [
                            9.004636,
                            45.522956
                        ],
                        [
                            9.004371,
                            45.522831
                        ],
                        [
                            9.004513,
                            45.522658
                        ],
                        [
                            9.00413,
                            45.522442
                        ]
                    ]
                ]
            },
            "properties": {
                "Name": "EX GEFCO CITROËN",
                "indirizzo": "Viale dell'Industria, 3, Pregnana Milanese",
                "info": "https://www.halleyweb.com/c015179/zf/index.php/atti-amministrativi/delibere/dettaglio/atto/G1WpBeET6ST0-A",
                "Azienda": "Edgnex Data Centers"
            },
            "bbox": [
                9.00413,
                45.521034,
                9.007657,
                45.523086
            ]
        },
        {
            "type": "Feature",
            "geometry": {
                "type": "Polygon",
                "coordinates": [
                    [
                        [
                            9.003384,
                            45.509651
                        ],
                        [
                            9.003685,
                            45.509229
                        ],
                        [
                            9.005327,
                            45.509792
                        ],
                        [
                            9.00504,
                            45.510214
                        ],
                        [
                            9.003384,
                            45.509651
                        ]
                    ]
                ]
            },
            "properties": {
                "Name": "Pregnana Innovation Campus",
                "Azienda": "AiOnX",
                "indirizzo": "Via Olivetti 81,20006, Pregnana Milanese",
                "altro": "https://www.ilpost.it/2026/07/12/data-center-pregnana-lombardia-milano-problemi/"
            },
            "bbox": [
                9.003384,
                45.509229,
                9.005327,
                45.510214
            ]
        },
        {
            "type": "Feature",
            "geometry": {
                "type": "Polygon",
                "coordinates": [
                    [
                        [
                            9.006365,
                            45.520981
                        ],
                        [
                            9.007288,
                            45.52017
                        ],
                        [
                            9.009336,
                            45.521263
                        ],
                        [
                            9.009224,
                            45.521346
                        ],
                        [
                            9.009134,
                            45.521291
                        ],
                        [
                            9.008933,
                            45.521494
                        ],
                        [
                            9.009392,
                            45.521741
                        ],
                        [
                            9.009045,
                            45.522039
                        ],
                        [
                            9.008731,
                            45.521875
                        ],
                        [
                            9.008502,
                            45.522102
                        ],
                        [
                            9.006365,
                            45.520981
                        ]
                    ]
                ]
            },
            "properties": {
                "Name": "ex Iveco-CNH",
                "indirizzo": "Via Vanzago 18, 20006, Pregnana Milanese",
                "altro": "è un DC Hyperscaler: presta servizi a grande aziende tec come Microsoft o AWS"
            },
            "bbox": [
                9.006365,
                45.52017,
                9.009392,
                45.522102
            ]
        },
        {
            "type": "Feature",
            "geometry": {
                "type": "Polygon",
                "coordinates": [
                    [
                        [
                            9.39353,
                            45.190305
                        ],
                        [
                            9.393753,
                            45.189886
                        ],
                        [
                            9.394279,
                            45.190024
                        ],
                        [
                            9.394337,
                            45.189922
                        ],
                        [
                            9.394557,
                            45.189977
                        ],
                        [
                            9.394516,
                            45.190048
                        ],
                        [
                            9.394416,
                            45.190019
                        ],
                        [
                            9.394396,
                            45.19005
                        ],
                        [
                            9.394552,
                            45.190088
                        ],
                        [
                            9.39433,
                            45.190507
                        ],
                        [
                            9.39353,
                            45.190305
                        ]
                    ]
                ]
            },
            "properties": {
                "Name": "OVHCloud MIL1",
                "Azienda": "OVH",
                "indirizzo": "Strada Statale della Val Tidone, 27010, Inverno e Monteleone, Pavia",
                "info": "https://www.datacentermap.com/italy/milan/ovhcloud-mil1/",
                "ID": 59
            },
            "bbox": [
                9.39353,
                45.189886,
                9.394557,
                45.190507
            ]
        },
        {
            "type": "Feature",
            "geometry": {
                "type": "Polygon",
                "coordinates": [
                    [
                        [
                            8.869909,
                            45.469852
                        ],
                        [
                            8.870456,
                            45.465006
                        ],
                        [
                            8.870649,
                            45.464991
                        ],
                        [
                            8.876314,
                            45.46694
                        ],
                        [
                            8.8764,
                            45.467113
                        ],
                        [
                            8.876003,
                            45.470183
                        ],
                        [
                            8.869909,
                            45.469852
                        ]
                    ]
                ]
            },
            "properties": {
                "Name": "CloudHQ MXP Campus",
                "Azienda": "CloudHQ",
                "indirizzo": "V.le Piemonte, 20013, Magenta",
                "info": "https://www.datacentermap.com/italy/milan/cloudhq-mxp-campus/"
            },
            "bbox": [
                8.869909,
                45.464991,
                8.8764,
                45.470183
            ]
        },
        {
            "type": "Feature",
            "geometry": {
                "type": "Polygon",
                "coordinates": [
                    [
                        [
                            9.035597,
                            45.46989
                        ],
                        [
                            9.041096,
                            45.471718
                        ],
                        [
                            9.040126,
                            45.473078
                        ],
                        [
                            9.035043,
                            45.471444
                        ],
                        [
                            9.034904,
                            45.471347
                        ],
                        [
                            9.034872,
                            45.471255
                        ],
                        [
                            9.035597,
                            45.46989
                        ]
                    ]
                ]
            },
            "properties": {
                "Name": "DATA4 Milan Campus MIL01",
                "Azienda": "DATA4",
                "indirizzo": "Via Monzoro 101-105, 20007, Cornaredo",
                "info": "https://www.datacentermap.com/italy/milan/data4-milan-italy/",
                "ID": 1
            },
            "bbox": [
                9.034872,
                45.46989,
                9.041096,
                45.473078
            ]
        },
        {
            "type": "Feature",
            "geometry": {
                "type": "Polygon",
                "coordinates": [
                    [
                        [
                            9.03569,
                            45.471424
                        ],
                        [
                            9.035987,
                            45.470999
                        ],
                        [
                            9.036123,
                            45.471045
                        ],
                        [
                            9.036161,
                            45.471016
                        ],
                        [
                            9.036404,
                            45.4711
                        ],
                        [
                            9.036391,
                            45.471118
                        ],
                        [
                            9.036556,
                            45.471185
                        ],
                        [
                            9.036249,
                            45.471608
                        ],
                        [
                            9.03569,
                            45.471424
                        ]
                    ]
                ]
            },
            "properties": {
                "Azienda": "DATA4",
                "Name": "DATA4 Milan MIL01-DC1",
                "indirizzo": "Via Monzoro 101-105, 20007, Cornaredo",
                "info": "https://www.datacentermap.com/italy/milan/data4-milan-mil01-dc1/",
                "ID": 110
            },
            "bbox": [
                9.03569,
                45.470999,
                9.036556,
                45.471608
            ]
        },
        {
            "type": "Feature",
            "geometry": {
                "type": "Polygon",
                "coordinates": [
                    [
                        [
                            9.036653,
                            45.471782
                        ],
                        [
                            9.036777,
                            45.471317
                        ],
                        [
                            9.036935,
                            45.471337
                        ],
                        [
                            9.036957,
                            45.471286
                        ],
                        [
                            9.037232,
                            45.471328
                        ],
                        [
                            9.037222,
                            45.471368
                        ],
                        [
                            9.037396,
                            45.471394
                        ],
                        [
                            9.037273,
                            45.471855
                        ],
                        [
                            9.036653,
                            45.471782
                        ]
                    ]
                ]
            },
            "properties": {
                "Name": "DATA4 Milan MIL01-DC2",
                "Azienda": "DATA4",
                "indirizzo": "Via Monzoro 101-105, 20007, Cornaredo",
                "info": "https://www.datacentermap.com/italy/milan/data4-milan-mil01-dc2/",
                "ID": 94
            },
            "bbox": [
                9.036653,
                45.471286,
                9.037396,
                45.471855
            ]
        },
        {
            "type": "Feature",
            "geometry": {
                "type": "Polygon",
                "coordinates": [
                    [
                        [
                            9.037371,
                            45.472025
                        ],
                        [
                            9.037447,
                            45.471908
                        ],
                        [
                            9.037529,
                            45.471941
                        ],
                        [
                            9.037823,
                            45.471522
                        ],
                        [
                            9.038376,
                            45.471708
                        ],
                        [
                            9.038342,
                            45.471748
                        ],
                        [
                            9.038395,
                            45.471761
                        ],
                        [
                            9.038108,
                            45.472136
                        ],
                        [
                            9.038158,
                            45.472154
                        ],
                        [
                            9.038098,
                            45.47226
                        ],
                        [
                            9.037371,
                            45.472025
                        ]
                    ]
                ]
            },
            "properties": {
                "Name": "DATA4 Milan MIL01-DC10",
                "Azienda": "DATA4",
                "indirizzo": "Via Monzoro 101-105, 20007, Cornaredo",
                "info": "https://www.datacentermap.com/italy/milan/data4-milan-mil01-dc10/",
                "ID": 106
            },
            "bbox": [
                9.037371,
                45.471522,
                9.038395,
                45.47226
            ]
        },
        {
            "type": "Feature",
            "geometry": {
                "type": "Polygon",
                "coordinates": [
                    [
                        [
                            9.038249,
                            45.472348
                        ],
                        [
                            9.038587,
                            45.471873
                        ],
                        [
                            9.038657,
                            45.471893
                        ],
                        [
                            9.038714,
                            45.471807
                        ],
                        [
                            9.038998,
                            45.4719
                        ],
                        [
                            9.038944,
                            45.471973
                        ],
                        [
                            9.039406,
                            45.472137
                        ],
                        [
                            9.039371,
                            45.472186
                        ],
                        [
                            9.039636,
                            45.472274
                        ],
                        [
                            9.039358,
                            45.472693
                        ],
                        [
                            9.038521,
                            45.47241
                        ],
                        [
                            9.038512,
                            45.472425
                        ],
                        [
                            9.038249,
                            45.472348
                        ]
                    ]
                ]
            },
            "properties": {
                "Name": "DATA4 Milan MIL01-DC9",
                "Azienda": "DATA4",
                "indirizzo": "Via Monzoro 101-105, 20007, Cornaredo",
                "info": "https://www.datacentermap.com/italy/milan/data4-milan-mil01-dc9/",
                "ID": 93
            },
            "bbox": [
                9.038249,
                45.471807,
                9.039636,
                45.472693
            ]
        },
        {
            "type": "Feature",
            "geometry": {
                "type": "Polygon",
                "coordinates": [
                    [
                        [
                            9.03941,
                            45.47204
                        ],
                        [
                            9.039521,
                            45.471871
                        ],
                        [
                            9.039638,
                            45.4719
                        ],
                        [
                            9.039935,
                            45.471437
                        ],
                        [
                            9.040643,
                            45.471672
                        ],
                        [
                            9.040188,
                            45.472312
                        ],
                        [
                            9.03941,
                            45.47204
                        ]
                    ]
                ]
            },
            "properties": {
                "Name": "DATA4 Milan MIL01-DC7",
                "Azienda": "DATA4",
                "indirizzo": "Via Monzoro 101-105, 20007, Cornaredo",
                "info": "https://www.datacentermap.com/italy/milan/data4-milan-mil01-dc7/",
                "ID": 112
            },
            "bbox": [
                9.03941,
                45.471437,
                9.040643,
                45.472312
            ]
        },
        {
            "type": "Feature",
            "geometry": {
                "type": "Polygon",
                "coordinates": [
                    [
                        [
                            9.039029,
                            45.471152
                        ],
                        [
                            9.03981,
                            45.471413
                        ],
                        [
                            9.039737,
                            45.471517
                        ],
                        [
                            9.039573,
                            45.471469
                        ],
                        [
                            9.039339,
                            45.471819
                        ],
                        [
                            9.039292,
                            45.47181
                        ],
                        [
                            9.039251,
                            45.471874
                        ],
                        [
                            9.038707,
                            45.471684
                        ],
                        [
                            9.038742,
                            45.471624
                        ],
                        [
                            9.038694,
                            45.471613
                        ],
                        [
                            9.039029,
                            45.471152
                        ]
                    ]
                ]
            },
            "properties": {
                "Name": "DATA4 Milan MIL01-DC6",
                "Azienda": "DATA4",
                "indirizzo": "Via Monzoro 101-105, 20007, Cornaredo",
                "info": "https://www.datacentermap.com/italy/milan/data4-milan-mil01-dc6/",
                "ID": 99
            },
            "bbox": [
                9.038694,
                45.471152,
                9.03981,
                45.471874
            ]
        },
        {
            "type": "Feature",
            "geometry": {
                "type": "Polygon",
                "coordinates": [
                    [
                        [
                            9.03781,
                            45.471386
                        ],
                        [
                            9.03818,
                            45.470859
                        ],
                        [
                            9.038941,
                            45.471112
                        ],
                        [
                            9.038853,
                            45.471225
                        ],
                        [
                            9.038689,
                            45.471165
                        ],
                        [
                            9.038439,
                            45.47153
                        ],
                        [
                            9.038401,
                            45.471513
                        ],
                        [
                            9.038373,
                            45.471568
                        ],
                        [
                            9.03781,
                            45.471386
                        ]
                    ]
                ]
            },
            "properties": {
                "Name": "DATA4 Milan MIL01-DC5",
                "Azienda": "DATA4",
                "indirizzo": "Via Monzoro 101-105, 20007, Cornaredo",
                "info": "https://www.datacentermap.com/italy/milan/data4-milan-mil01-dc5/",
                "ID": 109
            },
            "bbox": [
                9.03781,
                45.470859,
                9.038941,
                45.471568
            ]
        },
        {
            "type": "Feature",
            "geometry": {
                "type": "Polygon",
                "coordinates": [
                    [
                        [
                            9.036928,
                            45.471078
                        ],
                        [
                            9.037282,
                            45.470557
                        ],
                        [
                            9.038031,
                            45.470803
                        ],
                        [
                            9.037952,
                            45.470912
                        ],
                        [
                            9.037828,
                            45.470867
                        ],
                        [
                            9.03756,
                            45.471229
                        ],
                        [
                            9.037509,
                            45.471209
                        ],
                        [
                            9.037478,
                            45.471268
                        ],
                        [
                            9.036928,
                            45.471078
                        ]
                    ]
                ]
            },
            "properties": {
                "Name": "DATA4 Milan MIL01-DC4",
                "Azienda": "DATA4",
                "indirizzo": "Via Monzoro 101-105, 20007, Cornaredo",
                "info": "https://www.datacentermap.com/italy/milan/data4-milan-mil01-dc4/",
                "ID": 100
            },
            "bbox": [
                9.036928,
                45.470557,
                9.038031,
                45.471268
            ]
        },
        {
            "type": "Feature",
            "properties": {
                "name": "Apto DC Lacchiarella Campus",
                "address": "Strada Provinciale 105 20084 Lacchiarella Milano Italia",
                "ID": 55,
                "fill-opacity": 0
            },
            "geometry": {
                "type": "Polygon",
                "coordinates": [
                    [
                        [
                            9.122364,
                            45.339286
                        ],
                        [
                            9.124884,
                            45.33554
                        ],
                        [
                            9.127999,
                            45.336658
                        ],
                        [
                            9.130577,
                            45.334059
                        ],
                        [
                            9.132952,
                            45.334815
                        ],
                        [
                            9.132146,
                            45.337399
                        ],
                        [
                            9.130241,
                            45.336784
                        ],
                        [
                            9.128223,
                            45.340203
                        ],
                        [
                            9.126352,
                            45.339735
                        ],
                        [
                            9.126032,
                            45.340256
                        ],
                        [
                            9.122364,
                            45.339286
                        ]
                    ]
                ]
            },
            "bbox": [
                9.122364,
                45.334059,
                9.132952,
                45.340256
            ]
        },
        {
            "type": "Feature",
            "geometry": {
                "type": "Polygon",
                "coordinates": [
                    [
                        [
                            9.036147,
                            45.47075
                        ],
                        [
                            9.036445,
                            45.470311
                        ],
                        [
                            9.037004,
                            45.470501
                        ],
                        [
                            9.036706,
                            45.470926
                        ],
                        [
                            9.036548,
                            45.470905
                        ],
                        [
                            9.036525,
                            45.470917
                        ],
                        [
                            9.036284,
                            45.47083
                        ],
                        [
                            9.036301,
                            45.470811
                        ],
                        [
                            9.036147,
                            45.47075
                        ]
                    ]
                ]
            },
            "properties": {
                "Name": "DATA4 Milan MIL01-DC3",
                "Azienda": "DATA4",
                "indirizzo": "Via Monzoro 101-105, 20007, Cornaredo",
                "info": "https://www.datacentermap.com/italy/milan/data4-milan-mil01-dc3/",
                "ID": 105
            },
            "bbox": [
                9.036147,
                45.470311,
                9.037004,
                45.470926
            ]
        },
        {
            "type": "Feature",
            "geometry": {
                "type": "Polygon",
                "coordinates": [
                    [
                        [
                            9.036926,
                            45.475364
                        ],
                        [
                            9.037325,
                            45.474686
                        ],
                        [
                            9.03896,
                            45.475139
                        ],
                        [
                            9.038531,
                            45.475804
                        ],
                        [
                            9.036926,
                            45.475364
                        ]
                    ]
                ]
            },
            "properties": {
                "Name": "Equinix ML5",
                "Azienda": "EQUINIX HYPERSCALE 2 (ML10) S.R.L.",
                "indirizzo": "Via Marisa Bellisario 7, 20019, Settimo Milanese",
                "info": "https://www.datacentermap.com/italy/milan/equinix-ml5/"
            },
            "bbox": [
                9.036926,
                45.474686,
                9.03896,
                45.475804
            ]
        },
        {
            "type": "Feature",
            "geometry": {
                "type": "Polygon",
                "coordinates": [
                    [
                        [
                            9.146967,
                            45.354152
                        ],
                        [
                            9.147152,
                            45.353922
                        ],
                        [
                            9.147206,
                            45.353946
                        ],
                        [
                            9.147231,
                            45.353917
                        ],
                        [
                            9.147311,
                            45.353953
                        ],
                        [
                            9.147402,
                            45.353853
                        ],
                        [
                            9.147695,
                            45.353974
                        ],
                        [
                            9.147486,
                            45.354233
                        ],
                        [
                            9.147358,
                            45.354184
                        ],
                        [
                            9.147284,
                            45.354274
                        ],
                        [
                            9.146967,
                            45.354152
                        ]
                    ]
                ]
            },
            "properties": {
                "Name": "Equinix ML3",
                "Azienda": "EQUINIX HYPERSCALE 2 (ML10) S.R.L.",
                "indirizzo": "V. Ennio Doris 13",
                "info": "https://www.datacentermap.com/italy/milan/telecitygroup-milan2/"
            },
            "bbox": [
                9.146967,
                45.353853,
                9.147695,
                45.354274
            ]
        },
        {
            "type": "Feature",
            "geometry": {
                "type": "Polygon",
                "coordinates": [
                    [
                        [
                            9.243116,
                            45.511097
                        ],
                        [
                            9.243282,
                            45.510723
                        ],
                        [
                            9.244185,
                            45.510911
                        ],
                        [
                            9.244054,
                            45.511281
                        ],
                        [
                            9.243116,
                            45.511097
                        ]
                    ]
                ]
            },
            "properties": {
                "Name": "Equinix ML4",
                "Azienda": "EQUINIX HYPERSCALE 2 (ML10) S.R.L.",
                "indirizzo": "Via Privata Cascia 5, 20128",
                "info": "https://www.datacentermap.com/italy/milan/telecitygroup-milan3/"
            },
            "bbox": [
                9.243116,
                45.510723,
                9.244185,
                45.511281
            ]
        },
        {
            "type": "Feature",
            "geometry": {
                "type": "Polygon",
                "coordinates": [
                    [
                        [
                            9.032455,
                            45.476617
                        ],
                        [
                            9.033261,
                            45.475061
                        ],
                        [
                            9.035668,
                            45.475734
                        ],
                        [
                            9.036552,
                            45.474264
                        ],
                        [
                            9.039389,
                            45.475085
                        ],
                        [
                            9.037621,
                            45.477741
                        ],
                        [
                            9.036123,
                            45.477334
                        ],
                        [
                            9.035971,
                            45.477599
                        ],
                        [
                            9.035441,
                            45.477452
                        ],
                        [
                            9.032455,
                            45.476617
                        ]
                    ]
                ]
            },
            "properties": {
                "Name": "Equinix Settimo Milanese Campus",
                "Azienda": "EQUINIX HYPERSCALE 2 (ML10) S.R.L.",
                "indirizzo": "Via Marisa Bellisario 7, 20019, Settimo Milanese",
                "info": "https://www.datacentermap.com/italy/milan/equinix-settimo-milanese-campus/",
                "ID": 60
            },
            "bbox": [
                9.032455,
                45.474264,
                9.039389,
                45.477741
            ]
        },
        {
            "type": "Feature",
            "geometry": {
                "type": "Polygon",
                "coordinates": [
                    [
                        [
                            9.123114,
                            45.276448
                        ],
                        [
                            9.123625,
                            45.275118
                        ],
                        [
                            9.125119,
                            45.275402
                        ],
                        [
                            9.125481,
                            45.274529
                        ],
                        [
                            9.125934,
                            45.274616
                        ],
                        [
                            9.126346,
                            45.274715
                        ],
                        [
                            9.127725,
                            45.274946
                        ],
                        [
                            9.127649,
                            45.275354
                        ],
                        [
                            9.127497,
                            45.275938
                        ],
                        [
                            9.127329,
                            45.276212
                        ],
                        [
                            9.127558,
                            45.276903
                        ],
                        [
                            9.127542,
                            45.277247
                        ],
                        [
                            9.127245,
                            45.277729
                        ],
                        [
                            9.124524,
                            45.277274
                        ],
                        [
                            9.124608,
                            45.277064
                        ],
                        [
                            9.123031,
                            45.27663
                        ],
                        [
                            9.123114,
                            45.276448
                        ]
                    ]
                ]
            },
            "properties": {
                "Name": "STACK Infrastructure MIL04 Campus",
                "Azienda": "STACK INFRASTRUCTURE",
                "indirizzo": "Via Alzaia 1, 27010, Vellezzo Bellini, Pavia",
                "info": "https://www.datacentermap.com/italy/milan/stack-infrastructure-mil04-campus/",
                "altro": "https://www.stackinfra.com/locations/emea/milan/mil04/"
            },
            "bbox": [
                9.123031,
                45.274529,
                9.127725,
                45.277729
            ]
        },
        {
            "type": "Feature",
            "geometry": {
                "type": "Polygon",
                "coordinates": [
                    [
                        [
                            9.123196,
                            45.276478
                        ],
                        [
                            9.123599,
                            45.27547
                        ],
                        [
                            9.124888,
                            45.275756
                        ],
                        [
                            9.124439,
                            45.276775
                        ],
                        [
                            9.123196,
                            45.276478
                        ]
                    ]
                ]
            },
            "properties": {
                "Name": "STACK Infrastructure MIL04A",
                "Azienda": "STACK INFRASTRUCTURE",
                "indirizzo": "Via Alzaia 1, 27010, Vellezzo Bellini, Pavia",
                "info": "https://www.datacentermap.com/italy/milan/stack-infrastructure-mil04a/"
            },
            "bbox": [
                9.123196,
                45.27547,
                9.124888,
                45.276775
            ]
        },
        {
            "type": "Feature",
            "geometry": {
                "type": "Polygon",
                "coordinates": [
                    [
                        [
                            9.126174,
                            45.276024
                        ],
                        [
                            9.127159,
                            45.276231
                        ],
                        [
                            9.126921,
                            45.276896
                        ],
                        [
                            9.127198,
                            45.27695
                        ],
                        [
                            9.127129,
                            45.27716
                        ],
                        [
                            9.126806,
                            45.277117
                        ],
                        [
                            9.12676,
                            45.277263
                        ],
                        [
                            9.12577,
                            45.277047
                        ],
                        [
                            9.126174,
                            45.276024
                        ]
                    ]
                ]
            },
            "properties": {
                "Name": "STACK Infrastructure MIL04C",
                "Azienda": "STACK INFRASTRUCTURE",
                "indirizzo": "Via Alzaia 1, 27010, Vellezzo Bellini, Pavia",
                "info": "https://www.datacentermap.com/italy/milan/stack-infrastructure-mil04c/"
            },
            "bbox": [
                9.12577,
                45.276024,
                9.127198,
                45.277263
            ]
        },
        {
            "type": "Feature",
            "geometry": {
                "type": "Polygon",
                "coordinates": [
                    [
                        [
                            9.124589,
                            45.276825
                        ],
                        [
                            9.125044,
                            45.275778
                        ],
                        [
                            9.126174,
                            45.27602
                        ],
                        [
                            9.125763,
                            45.277041
                        ],
                        [
                            9.124589,
                            45.276825
                        ]
                    ]
                ]
            },
            "properties": {
                "Name": "STACK Infrastructure MIL04B",
                "Azienda": "STACK INFRASTRUCTURE",
                "indirizzo": "Via Alzaia 1, 27010, Vellezzo Bellini, Pavia",
                "info": "https://www.datacentermap.com/italy/milan/stack-infrastructure-mil04b/"
            },
            "bbox": [
                9.124589,
                45.275778,
                9.126174,
                45.277041
            ]
        },
        {
            "type": "Feature",
            "geometry": {
                "type": "Polygon",
                "coordinates": [
                    [
                        [
                            9.125144,
                            45.275657
                        ],
                        [
                            9.125488,
                            45.274818
                        ],
                        [
                            9.127033,
                            45.27512
                        ],
                        [
                            9.126642,
                            45.275965
                        ],
                        [
                            9.125144,
                            45.275657
                        ]
                    ]
                ]
            },
            "properties": {
                "Name": "STACK Infrastructure MIL04D",
                "Azienda": "STACK INFRASTRUCTURE",
                "indirizzo": "Via Alzaia 1, 27010, Vellezzo Bellini, Pavia",
                "info": "https://www.datacentermap.com/italy/milan/stack-infrastructure-mil04d/"
            },
            "bbox": [
                9.125144,
                45.274818,
                9.127033,
                45.275965
            ]
        },
        {
            "type": "Feature",
            "geometry": {
                "type": "Polygon",
                "coordinates": [
                    [
                        [
                            9.202332,
                            45.329061
                        ],
                        [
                            9.202317,
                            45.328328
                        ],
                        [
                            9.202413,
                            45.32821
                        ],
                        [
                            9.203496,
                            45.328178
                        ],
                        [
                            9.203515,
                            45.328317
                        ],
                        [
                            9.203441,
                            45.32832
                        ],
                        [
                            9.203443,
                            45.328411
                        ],
                        [
                            9.20357,
                            45.32843
                        ],
                        [
                            9.203619,
                            45.328956
                        ],
                        [
                            9.203518,
                            45.32902
                        ],
                        [
                            9.202332,
                            45.329061
                        ]
                    ]
                ]
            },
            "properties": {
                "Name": "STACK Infrastructure MIL02A",
                "Azienda": "STACK INFRASTRUCTURE",
                "indirizzo": "Via Marche 9, 27010, Siziano",
                "info": "https://www.datacentermap.com/italy/milan/stack-infrastructure-mil02a/"
            },
            "bbox": [
                9.202317,
                45.328178,
                9.203619,
                45.329061
            ]
        },
        {
            "type": "Feature",
            "geometry": {
                "type": "Polygon",
                "coordinates": [
                    [
                        [
                            9.214757,
                            45.327139
                        ],
                        [
                            9.214911,
                            45.326815
                        ],
                        [
                            9.215121,
                            45.32686
                        ],
                        [
                            9.215162,
                            45.326759
                        ],
                        [
                            9.216121,
                            45.326957
                        ],
                        [
                            9.216055,
                            45.327108
                        ],
                        [
                            9.216365,
                            45.327182
                        ],
                        [
                            9.216256,
                            45.327455
                        ],
                        [
                            9.214757,
                            45.327139
                        ]
                    ]
                ]
            },
            "properties": {
                "Name": "STACK Infrastructure MIL03A",
                "Azienda": "STACK INFRASTRUCTURE",
                "indirizzo": "Via Lombardia 8, 27010, Siziano",
                "info": "https://www.datacentermap.com/italy/milan/stack-infrastructure-mil03a/"
            },
            "bbox": [
                9.214757,
                45.326759,
                9.216365,
                45.327455
            ]
        },
        {
            "type": "Feature",
            "geometry": {
                "type": "Polygon",
                "coordinates": [
                    [
                        [
                            9.405132,
                            45.489642
                        ],
                        [
                            9.405582,
                            45.488795
                        ],
                        [
                            9.405907,
                            45.488174
                        ],
                        [
                            9.406666,
                            45.488341
                        ],
                        [
                            9.406198,
                            45.489287
                        ],
                        [
                            9.406896,
                            45.489454
                        ],
                        [
                            9.407387,
                            45.488529
                        ],
                        [
                            9.408154,
                            45.488717
                        ],
                        [
                            9.407792,
                            45.48939
                        ],
                        [
                            9.407395,
                            45.490174
                        ],
                        [
                            9.405132,
                            45.489642
                        ]
                    ]
                ]
            },
            "properties": {
                "Name": "STACK Infrastructure MIL06 Campus",
                "Azienda": "STACK INFRASTRUCTURE",
                "indirizzo": "Via Guido Rossa 2, 20050, Liscate",
                "info": "https://www.datacentermap.com/italy/milan/stack-infrastructure-mil06-campus/",
                "ID": 102
            },
            "bbox": [
                9.405132,
                45.488174,
                9.408154,
                45.490174
            ]
        },
        {
            "type": "Feature",
            "geometry": {
                "type": "Polygon",
                "coordinates": [
                    [
                        [
                            9.203958,
                            45.33219
                        ],
                        [
                            9.202093,
                            45.332224
                        ],
                        [
                            9.202038,
                            45.330615
                        ],
                        [
                            9.206957,
                            45.330566
                        ],
                        [
                            9.207188,
                            45.330704
                        ],
                        [
                            9.207918,
                            45.330802
                        ],
                        [
                            9.207999,
                            45.331778
                        ],
                        [
                            9.203958,
                            45.33219
                        ]
                    ]
                ]
            },
            "properties": {
                "Name": "STACK Infrastructure MIL08 Campus",
                "Azienda": "STACK INFRASTRUCTURE",
                "indirizzo": "Via Marche 8/10, 27010, Siziano, Pavia",
                "info": "https://www.datacentermap.com/italy/milan/stack-infrastructure-mil08-campus/"
            },
            "bbox": [
                9.202038,
                45.330566,
                9.207999,
                45.332224
            ]
        },
        {
            "type": "Feature",
            "geometry": {
                "type": "Polygon",
                "coordinates": [
                    [
                        [
                            9.204905,
                            45.33064
                        ],
                        [
                            9.204905,
                            45.331817
                        ],
                        [
                            9.202815,
                            45.331846
                        ],
                        [
                            9.202821,
                            45.33161
                        ],
                        [
                            9.202602,
                            45.331606
                        ],
                        [
                            9.20259,
                            45.330653
                        ],
                        [
                            9.204905,
                            45.33064
                        ]
                    ]
                ]
            },
            "properties": {
                "Name": "STACK Infrastructure MIL08B",
                "Azienda": "STACK INFRASTRUCTURE",
                "indirizzo": "Via Marche 8/10, 27010, Siziano, Pavia",
                "info": "https://www.datacentermap.com/italy/milan/stack-infrastructure-mil08b/"
            },
            "bbox": [
                9.20259,
                45.33064,
                9.204905,
                45.331846
            ]
        },
        {
            "type": "Feature",
            "geometry": {
                "type": "Polygon",
                "coordinates": [
                    [
                        [
                            9.205038,
                            45.331813
                        ],
                        [
                            9.205032,
                            45.330644
                        ],
                        [
                            9.20692,
                            45.330624
                        ],
                        [
                            9.207099,
                            45.33073
                        ],
                        [
                            9.207104,
                            45.330851
                        ],
                        [
                            9.207099,
                            45.331781
                        ],
                        [
                            9.205038,
                            45.331813
                        ]
                    ]
                ]
            },
            "properties": {
                "Name": "STACK Infrastructure MIL08A",
                "Azienda": "STACK INFRASTRUCTURE",
                "indirizzo": "Via Marche 8/10, 27010, Siziano, Pavia",
                "info": "https://www.datacentermap.com/italy/milan/stack-infrastructure-mil08/"
            },
            "bbox": [
                9.205032,
                45.330624,
                9.207104,
                45.331813
            ]
        },
        {
            "type": "Feature",
            "geometry": {
                "type": "Polygon",
                "coordinates": [
                    [
                        [
                            9.40925,
                            45.496521
                        ],
                        [
                            9.409955,
                            45.494423
                        ],
                        [
                            9.410032,
                            45.494232
                        ],
                        [
                            9.410168,
                            45.494128
                        ],
                        [
                            9.41033,
                            45.494092
                        ],
                        [
                            9.410504,
                            45.494105
                        ],
                        [
                            9.410653,
                            45.494169
                        ],
                        [
                            9.41073,
                            45.494332
                        ],
                        [
                            9.410698,
                            45.494545
                        ],
                        [
                            9.411985,
                            45.494735
                        ],
                        [
                            9.411771,
                            45.495374
                        ],
                        [
                            9.412521,
                            45.495501
                        ],
                        [
                            9.412069,
                            45.496974
                        ],
                        [
                            9.40925,
                            45.496521
                        ]
                    ]
                ]
            },
            "properties": {
                "Name": "STACK Infrastructure MIL09A",
                "Azienda": "STACK INFRASTRUCTURE",
                "indirizzo": "Via Marco Polo 2, 20066, Melzo",
                "info": "https://www.datacentermap.com/italy/milan/stack-infrastructure-mil09a/"
            },
            "bbox": [
                9.40925,
                45.494092,
                9.412521,
                45.496974
            ]
        },
        {
            "type": "Feature",
            "geometry": {
                "type": "Point",
                "coordinates": [
                    9.146666,
                    45.354113,
                    0
                ]
            },
            "properties": {
                "name": "Equinix ML3",
                "address": "Via Francesco Sforza 13 20088 Basiglio Milan Milano Italia",
                "styleUrl": "#0",
                "label-scale": 0,
                "icon-scale": 1,
                "icon-offset": [
                    0.3,
                    0.8
                ],
                "icon-offset-units": [
                    "fraction",
                    "fraction"
                ],
                "icon": "https://batchgeo.com/images/icons/red_shadow_Marker.png",
                "ID": "5",
                "regione": "Lombardia",
                "stato": "Italia"
            },
            "bbox": [
                9.146666,
                45.354113,
                9.146666,
                45.354113
            ]
        },
        {
            "type": "Feature",
            "geometry": {
                "type": "Point",
                "coordinates": [
                    9.20526,
                    45.252464,
                    0
                ]
            },
            "properties": {
                "name": "Microsoft Bornasco",
                "address": "Via dei Pioppi 1 27010 Bornasco Pavia Italia",
                "styleUrl": "#0",
                "label-scale": 0,
                "icon-scale": 1,
                "icon-offset": [
                    0.3,
                    0.8
                ],
                "icon-offset-units": [
                    "fraction",
                    "fraction"
                ],
                "icon": "https://batchgeo.com/images/icons/red_shadow_Marker.png",
                "ID": "47",
                "regione": "Lombardia",
                "stato": "Italia"
            },
            "bbox": [
                9.20526,
                45.252464,
                9.20526,
                45.252464
            ]
        },
        {
            "type": "Feature",
            "geometry": {
                "type": "Point",
                "coordinates": [
                    9.349708,
                    45.504678
                ]
            },
            "properties": {
                "name": "TI Sparkle Milano",
                "address": "Via Strada Antica di Cassano, 8 20051 Cassina de' Pecchi Milano Italia",
                "styleUrl": "#0",
                "label-scale": 0,
                "icon-scale": 1,
                "icon-offset": [
                    0.3,
                    0.8
                ],
                "icon-offset-units": [
                    "fraction",
                    "fraction"
                ],
                "icon": "https://batchgeo.com/images/icons/red_shadow_Marker.png",
                "ID": "41",
                "regione": "Lombardia",
                "stato": "Italia"
            },
            "bbox": [
                9.349708,
                45.504678,
                9.349708,
                45.504678
            ]
        },
        {
            "type": "Feature",
            "geometry": {
                "type": "Point",
                "coordinates": [
                    9.349566,
                    45.50466
                ]
            },
            "properties": {
                "name": "Noovle DC Cassina De' Pecchi",
                "address": "Via Antica Di Cassano, 8 20051 Cassina de' Pecchi Milano Italia",
                "styleUrl": "#0",
                "label-scale": 0,
                "icon-scale": 1,
                "icon-offset": [
                    0.3,
                    0.8
                ],
                "icon-offset-units": [
                    "fraction",
                    "fraction"
                ],
                "icon": "https://batchgeo.com/images/icons/red_shadow_Marker.png",
                "ID": "66",
                "regione": "Lombardia",
                "stato": "Italia"
            },
            "bbox": [
                9.349566,
                45.50466,
                9.349566,
                45.50466
            ]
        },
        {
            "type": "Feature",
            "geometry": {
                "type": "Point",
                "coordinates": [
                    9.038279,
                    45.474449,
                    0
                ]
            },
            "properties": {
                "name": "Vantage MXP2 - Milan Campus",
                "address": "Via Aganippo Brocchi 20019 Castelletto Milano Italia",
                "styleUrl": "#0",
                "label-scale": 0,
                "icon-scale": 1,
                "icon-offset": [
                    0.3,
                    0.8
                ],
                "icon-offset-units": [
                    "fraction",
                    "fraction"
                ],
                "icon": "https://batchgeo.com/images/icons/red_shadow_Marker.png",
                "ID": "10",
                "regione": "Lombardia",
                "stato": "Italia"
            },
            "bbox": [
                9.038279,
                45.474449,
                9.038279,
                45.474449
            ]
        },
        {
            "type": "Feature",
            "geometry": {
                "type": "Point",
                "coordinates": [
                    9.038279,
                    45.474449,
                    0
                ]
            },
            "properties": {
                "name": "Vantage MXP21",
                "address": "Via Aganippo Brocchi 20019 Castelletto Milano Italia",
                "styleUrl": "#0",
                "label-scale": 0,
                "icon-scale": 1,
                "icon-offset": [
                    0.3,
                    0.8
                ],
                "icon-offset-units": [
                    "fraction",
                    "fraction"
                ],
                "icon": "https://batchgeo.com/images/icons/red_shadow_Marker.png",
                "ID": "23",
                "regione": "Lombardia",
                "stato": "Italia"
            },
            "bbox": [
                9.038279,
                45.474449,
                9.038279,
                45.474449
            ]
        },
        {
            "type": "Feature",
            "geometry": {
                "type": "Point",
                "coordinates": [
                    9.038279,
                    45.474449,
                    0
                ]
            },
            "properties": {
                "name": "Vantage MXP22",
                "address": "Via Aganippo Brocchi 20019 Castelletto Milano Italia",
                "styleUrl": "#0",
                "label-scale": 0,
                "icon-scale": 1,
                "icon-offset": [
                    0.3,
                    0.8
                ],
                "icon-offset-units": [
                    "fraction",
                    "fraction"
                ],
                "icon": "https://batchgeo.com/images/icons/red_shadow_Marker.png",
                "ID": "29",
                "regione": "Lombardia",
                "stato": "Italia"
            },
            "bbox": [
                9.038279,
                45.474449,
                9.038279,
                45.474449
            ]
        },
        {
            "type": "Feature",
            "geometry": {
                "type": "Point",
                "coordinates": [
                    9.111016,
                    45.635465
                ]
            },
            "properties": {
                "name": "Noovle DC Cesano Maderno",
                "address": "Via Fulvio Bracco, 39 20811 Cesano Maderno Milano Italia",
                "styleUrl": "#0",
                "label-scale": 0,
                "icon-scale": 1,
                "icon-offset": [
                    0.3,
                    0.8
                ],
                "icon-offset-units": [
                    "fraction",
                    "fraction"
                ],
                "icon": "https://batchgeo.com/images/icons/red_shadow_Marker.png",
                "ID": "54",
                "regione": "Lombardia",
                "stato": "Italia"
            },
            "bbox": [
                9.111016,
                45.635465,
                9.111016,
                45.635465
            ]
        },
        {
            "type": "Feature",
            "geometry": {
                "type": "Point",
                "coordinates": [
                    9.02508,
                    45.510469,
                    0
                ]
            },
            "properties": {
                "name": "VIRTUS MILAN1",
                "address": "Via Brennero 20007 Cornaredo Milano Italia",
                "styleUrl": "#0",
                "label-scale": 0,
                "icon-scale": 1,
                "icon-offset": [
                    0.3,
                    0.8
                ],
                "icon-offset-units": [
                    "fraction",
                    "fraction"
                ],
                "icon": "https://batchgeo.com/images/icons/red_shadow_Marker.png",
                "ID": "9",
                "regione": "Lombardia",
                "stato": "Italia"
            },
            "bbox": [
                9.02508,
                45.510469,
                9.02508,
                45.510469
            ]
        },
        {
            "type": "Feature",
            "geometry": {
                "type": "Point",
                "coordinates": [
                    9.035526,
                    45.470479,
                    0
                ]
            },
            "properties": {
                "name": "DATA4 Milan MIL01-DC9",
                "address": "Via Monzoro, 101-105 20007 Cornaredo Milano Italia",
                "styleUrl": "#0",
                "label-scale": 0,
                "icon-scale": 1,
                "icon-offset": [
                    0.3,
                    0.8
                ],
                "icon-offset-units": [
                    "fraction",
                    "fraction"
                ],
                "icon": "https://batchgeo.com/images/icons/red_shadow_Marker.png",
                "ID": "93",
                "regione": "Lombardia",
                "stato": "Italia"
            },
            "bbox": [
                9.035526,
                45.470479,
                9.035526,
                45.470479
            ]
        },
        {
            "type": "Feature",
            "geometry": {
                "type": "Point",
                "coordinates": [
                    9.035526,
                    45.470479,
                    0
                ]
            },
            "properties": {
                "name": "DATA4 Milan MIL01-DC2",
                "address": "Via Monzoro, 101-105 20007 Cornaredo Milano Italia",
                "styleUrl": "#0",
                "label-scale": 0,
                "icon-scale": 1,
                "icon-offset": [
                    0.3,
                    0.8
                ],
                "icon-offset-units": [
                    "fraction",
                    "fraction"
                ],
                "icon": "https://batchgeo.com/images/icons/red_shadow_Marker.png",
                "ID": "94",
                "regione": "Lombardia",
                "stato": "Italia"
            },
            "bbox": [
                9.035526,
                45.470479,
                9.035526,
                45.470479
            ]
        },
        {
            "type": "Feature",
            "geometry": {
                "type": "Point",
                "coordinates": [
                    9.035526,
                    45.470479,
                    0
                ]
            },
            "properties": {
                "name": "DATA4 Milan MIL01-DC8",
                "address": "Via Monzoro, 101-105 20007 Cornaredo Milano Italia",
                "styleUrl": "#0",
                "label-scale": 0,
                "icon-scale": 1,
                "icon-offset": [
                    0.3,
                    0.8
                ],
                "icon-offset-units": [
                    "fraction",
                    "fraction"
                ],
                "icon": "https://batchgeo.com/images/icons/red_shadow_Marker.png",
                "ID": "95",
                "regione": "Lombardia",
                "stato": "Italia"
            },
            "bbox": [
                9.035526,
                45.470479,
                9.035526,
                45.470479
            ]
        },
        {
            "type": "Feature",
            "geometry": {
                "type": "Point",
                "coordinates": [
                    9.035526,
                    45.470479,
                    0
                ]
            },
            "properties": {
                "name": "DATA4 Milan Campus MIL01",
                "address": "Via Monzoro, 101-105 20007 Cornaredo Milano Italia",
                "styleUrl": "#0",
                "label-scale": 0,
                "icon-scale": 1,
                "icon-offset": [
                    0.3,
                    0.8
                ],
                "icon-offset-units": [
                    "fraction",
                    "fraction"
                ],
                "icon": "https://batchgeo.com/images/icons/red_shadow_Marker.png",
                "ID": "1",
                "regione": "Lombardia",
                "stato": "Italia"
            },
            "bbox": [
                9.035526,
                45.470479,
                9.035526,
                45.470479
            ]
        },
        {
            "type": "Feature",
            "geometry": {
                "type": "Point",
                "coordinates": [
                    9.035526,
                    45.470479,
                    0
                ]
            },
            "properties": {
                "name": "DATA4 Milan MIL01-DC14",
                "address": "Via Monzoro, 101-105 20007 Cornaredo Milano Italia",
                "styleUrl": "#0",
                "label-scale": 0,
                "icon-scale": 1,
                "icon-offset": [
                    0.3,
                    0.8
                ],
                "icon-offset-units": [
                    "fraction",
                    "fraction"
                ],
                "icon": "https://batchgeo.com/images/icons/red_shadow_Marker.png",
                "ID": "97",
                "regione": "Lombardia",
                "stato": "Italia"
            },
            "bbox": [
                9.035526,
                45.470479,
                9.035526,
                45.470479
            ]
        },
        {
            "type": "Feature",
            "geometry": {
                "type": "Point",
                "coordinates": [
                    9.035526,
                    45.470479,
                    0
                ]
            },
            "properties": {
                "name": "DATA4 Milan MIL01-DC6",
                "address": "Via Monzoro, 101-105 20007 Cornaredo Milano Italia",
                "styleUrl": "#0",
                "label-scale": 0,
                "icon-scale": 1,
                "icon-offset": [
                    0.3,
                    0.8
                ],
                "icon-offset-units": [
                    "fraction",
                    "fraction"
                ],
                "icon": "https://batchgeo.com/images/icons/red_shadow_Marker.png",
                "ID": "99",
                "regione": "Lombardia",
                "stato": "Italia"
            },
            "bbox": [
                9.035526,
                45.470479,
                9.035526,
                45.470479
            ]
        },
        {
            "type": "Feature",
            "geometry": {
                "type": "Point",
                "coordinates": [
                    9.035526,
                    45.470479,
                    0
                ]
            },
            "properties": {
                "name": "DATA4 Milan MIL01-DC4",
                "address": "Via Monzoro, 101-105 20007 Cornaredo Milano Italia",
                "styleUrl": "#0",
                "label-scale": 0,
                "icon-scale": 1,
                "icon-offset": [
                    0.3,
                    0.8
                ],
                "icon-offset-units": [
                    "fraction",
                    "fraction"
                ],
                "icon": "https://batchgeo.com/images/icons/red_shadow_Marker.png",
                "ID": "100",
                "regione": "Lombardia",
                "stato": "Italia"
            },
            "bbox": [
                9.035526,
                45.470479,
                9.035526,
                45.470479
            ]
        },
        {
            "type": "Feature",
            "geometry": {
                "type": "Point",
                "coordinates": [
                    9.035526,
                    45.470479,
                    0
                ]
            },
            "properties": {
                "name": "DATA4 Milan MIL01-DC3",
                "address": "Via Monzoro, 101-105 20007 Cornaredo Milano Italia",
                "styleUrl": "#0",
                "label-scale": 0,
                "icon-scale": 1,
                "icon-offset": [
                    0.3,
                    0.8
                ],
                "icon-offset-units": [
                    "fraction",
                    "fraction"
                ],
                "icon": "https://batchgeo.com/images/icons/red_shadow_Marker.png",
                "ID": "105",
                "regione": "Lombardia",
                "stato": "Italia"
            },
            "bbox": [
                9.035526,
                45.470479,
                9.035526,
                45.470479
            ]
        },
        {
            "type": "Feature",
            "geometry": {
                "type": "Point",
                "coordinates": [
                    9.035526,
                    45.470479,
                    0
                ]
            },
            "properties": {
                "name": "DATA4 Milan MIL01-DC10",
                "address": "Via Monzoro, 101-105 20007 Cornaredo Milano Italia",
                "styleUrl": "#0",
                "label-scale": 0,
                "icon-scale": 1,
                "icon-offset": [
                    0.3,
                    0.8
                ],
                "icon-offset-units": [
                    "fraction",
                    "fraction"
                ],
                "icon": "https://batchgeo.com/images/icons/red_shadow_Marker.png",
                "ID": "106",
                "regione": "Lombardia",
                "stato": "Italia"
            },
            "bbox": [
                9.035526,
                45.470479,
                9.035526,
                45.470479
            ]
        },
        {
            "type": "Feature",
            "geometry": {
                "type": "Point",
                "coordinates": [
                    9.035526,
                    45.470479,
                    0
                ]
            },
            "properties": {
                "name": "DATA4 Milan MIL01-DC13",
                "address": "Via Monzoro, 101-105 20007 Cornaredo Milano Italia",
                "styleUrl": "#0",
                "label-scale": 0,
                "icon-scale": 1,
                "icon-offset": [
                    0.3,
                    0.8
                ],
                "icon-offset-units": [
                    "fraction",
                    "fraction"
                ],
                "icon": "https://batchgeo.com/images/icons/red_shadow_Marker.png",
                "ID": "107",
                "regione": "Lombardia",
                "stato": "Italia"
            },
            "bbox": [
                9.035526,
                45.470479,
                9.035526,
                45.470479
            ]
        },
        {
            "type": "Feature",
            "geometry": {
                "type": "Point",
                "coordinates": [
                    9.035526,
                    45.470479,
                    0
                ]
            },
            "properties": {
                "name": "DATA4 Milan MIL01-DC5",
                "address": "Via Monzoro, 101-105 20007 Cornaredo Milano Italia",
                "styleUrl": "#0",
                "label-scale": 0,
                "icon-scale": 1,
                "icon-offset": [
                    0.3,
                    0.8
                ],
                "icon-offset-units": [
                    "fraction",
                    "fraction"
                ],
                "icon": "https://batchgeo.com/images/icons/red_shadow_Marker.png",
                "ID": "109",
                "regione": "Lombardia",
                "stato": "Italia"
            },
            "bbox": [
                9.035526,
                45.470479,
                9.035526,
                45.470479
            ]
        },
        {
            "type": "Feature",
            "geometry": {
                "type": "Point",
                "coordinates": [
                    9.035526,
                    45.470479,
                    0
                ]
            },
            "properties": {
                "name": "DATA4 Milan MIL01-DC1",
                "address": "Via Monzoro, 101-105 20007 Cornaredo Milano Italia",
                "styleUrl": "#0",
                "label-scale": 0,
                "icon-scale": 1,
                "icon-offset": [
                    0.3,
                    0.8
                ],
                "icon-offset-units": [
                    "fraction",
                    "fraction"
                ],
                "icon": "https://batchgeo.com/images/icons/red_shadow_Marker.png",
                "ID": "110",
                "regione": "Lombardia",
                "stato": "Italia"
            },
            "bbox": [
                9.035526,
                45.470479,
                9.035526,
                45.470479
            ]
        },
        {
            "type": "Feature",
            "geometry": {
                "type": "Point",
                "coordinates": [
                    9.035526,
                    45.470479,
                    0
                ]
            },
            "properties": {
                "name": "DATA4 Milan MIL01-DC7",
                "address": "Via Monzoro, 101-105 20007 Cornaredo Milano Italia",
                "styleUrl": "#0",
                "label-scale": 0,
                "icon-scale": 1,
                "icon-offset": [
                    0.3,
                    0.8
                ],
                "icon-offset-units": [
                    "fraction",
                    "fraction"
                ],
                "icon": "https://batchgeo.com/images/icons/red_shadow_Marker.png",
                "ID": "112",
                "regione": "Lombardia",
                "stato": "Italia"
            },
            "bbox": [
                9.035526,
                45.470479,
                9.035526,
                45.470479
            ]
        },
        {
            "type": "Feature",
            "geometry": {
                "type": "Point",
                "coordinates": [
                    9.035526,
                    45.470479,
                    0
                ]
            },
            "properties": {
                "name": "DATA4 Milan MIL01-DC12",
                "address": "Via Monzoro, 101-105 20007 Cornaredo Milano Italia",
                "styleUrl": "#0",
                "label-scale": 0,
                "icon-scale": 1,
                "icon-offset": [
                    0.3,
                    0.8
                ],
                "icon-offset-units": [
                    "fraction",
                    "fraction"
                ],
                "icon": "https://batchgeo.com/images/icons/red_shadow_Marker.png",
                "ID": "113",
                "regione": "Lombardia",
                "stato": "Italia"
            },
            "bbox": [
                9.035526,
                45.470479,
                9.035526,
                45.470479
            ]
        },
        {
            "type": "Feature",
            "geometry": {
                "type": "Point",
                "coordinates": [
                    9.035526,
                    45.470479,
                    0
                ]
            },
            "properties": {
                "name": "DATA4 Milan MIL01-DC11",
                "address": "Via Monzoro, 101-105 20007 Cornaredo Milano Italia",
                "styleUrl": "#0",
                "label-scale": 0,
                "icon-scale": 1,
                "icon-offset": [
                    0.3,
                    0.8
                ],
                "icon-offset-units": [
                    "fraction",
                    "fraction"
                ],
                "icon": "https://batchgeo.com/images/icons/red_shadow_Marker.png",
                "ID": "114",
                "regione": "Lombardia",
                "stato": "Italia"
            },
            "bbox": [
                9.035526,
                45.470479,
                9.035526,
                45.470479
            ]
        },
        {
            "type": "Feature",
            "geometry": {
                "type": "Point",
                "coordinates": [
                    9.089763,
                    45.435481,
                    0
                ]
            },
            "properties": {
                "name": "Retelit Corsico",
                "address": "Via Antonio Canova, 79 20094 Corsico Milano Italia",
                "styleUrl": "#0",
                "label-scale": 0,
                "icon-scale": 1,
                "icon-offset": [
                    0.3,
                    0.8
                ],
                "icon-offset-units": [
                    "fraction",
                    "fraction"
                ],
                "icon": "https://batchgeo.com/images/icons/red_shadow_Marker.png",
                "ID": "45",
                "regione": "Lombardia",
                "stato": "Italia"
            },
            "bbox": [
                9.089763,
                45.435481,
                9.089763,
                45.435481
            ]
        },
        {
            "type": "Feature",
            "geometry": {
                "type": "Point",
                "coordinates": [
                    9.383402,
                    45.19545,
                    0
                ]
            },
            "properties": {
                "name": "OVHCloud MIL1",
                "address": "Strada Statale della Val Tidone 27010 Inverno e Monteleone Pavia Italia",
                "styleUrl": "#0",
                "label-scale": 0,
                "icon-scale": 1,
                "icon-offset": [
                    0.3,
                    0.8
                ],
                "icon-offset-units": [
                    "fraction",
                    "fraction"
                ],
                "icon": "https://batchgeo.com/images/icons/red_shadow_Marker.png",
                "ID": "59",
                "regione": "Lombardia",
                "stato": "Italia"
            },
            "bbox": [
                9.383402,
                45.19545,
                9.383402,
                45.19545
            ]
        },
        {
            "type": "Feature",
            "geometry": {
                "type": "Point",
                "coordinates": [
                    9.407481,
                    45.489179
                ]
            },
            "properties": {
                "name": "STACK Infrastructure MIL06B",
                "address": "Via Guido Rossa, 2 20050 Liscate Milano Italia",
                "styleUrl": "#0",
                "label-scale": 0,
                "icon-scale": 1,
                "icon-offset": [
                    0.3,
                    0.8
                ],
                "icon-offset-units": [
                    "fraction",
                    "fraction"
                ],
                "icon": "https://batchgeo.com/images/icons/red_shadow_Marker.png",
                "ID": "74",
                "regione": "Lombardia",
                "stato": "Italia"
            },
            "bbox": [
                9.407481,
                45.489179,
                9.407481,
                45.489179
            ]
        },
        {
            "type": "Feature",
            "geometry": {
                "type": "Point",
                "coordinates": [
                    9.405968,
                    45.488893
                ]
            },
            "properties": {
                "name": "STACK Infrastructure MIL06A",
                "address": "Via Guido Rossa, 2 20050 Liscate Milano Italia",
                "styleUrl": "#0",
                "label-scale": 0,
                "icon-scale": 1,
                "icon-offset": [
                    0.3,
                    0.8
                ],
                "icon-offset-units": [
                    "fraction",
                    "fraction"
                ],
                "icon": "https://batchgeo.com/images/icons/red_shadow_Marker.png",
                "ID": "79",
                "regione": "Lombardia",
                "stato": "Italia"
            },
            "bbox": [
                9.405968,
                45.488893,
                9.405968,
                45.488893
            ]
        },
        {
            "type": "Feature",
            "geometry": {
                "type": "Point",
                "coordinates": [
                    8.874856,
                    45.466399,
                    0
                ]
            },
            "properties": {
                "name": "CloudHQ MXP Campus",
                "address": "Vle Piemonte 20013 Magenta Milano Italia",
                "styleUrl": "#0",
                "label-scale": 0,
                "icon-scale": 1,
                "icon-offset": [
                    0.3,
                    0.8
                ],
                "icon-offset-units": [
                    "fraction",
                    "fraction"
                ],
                "icon": "https://batchgeo.com/images/icons/red_shadow_Marker.png",
                "ID": "24",
                "regione": "Lombardia",
                "stato": "Italia"
            },
            "bbox": [
                8.874856,
                45.466399,
                8.874856,
                45.466399
            ]
        },
        {
            "type": "Feature",
            "geometry": {
                "type": "Point",
                "coordinates": [
                    8.874856,
                    45.466399,
                    0
                ]
            },
            "properties": {
                "name": "CloudHQ MXP4",
                "address": "Vle Piemonte 20013 Magenta Milano Italia",
                "styleUrl": "#0",
                "label-scale": 0,
                "icon-scale": 1,
                "icon-offset": [
                    0.3,
                    0.8
                ],
                "icon-offset-units": [
                    "fraction",
                    "fraction"
                ],
                "icon": "https://batchgeo.com/images/icons/red_shadow_Marker.png",
                "ID": "85",
                "regione": "Lombardia",
                "stato": "Italia"
            },
            "bbox": [
                8.874856,
                45.466399,
                8.874856,
                45.466399
            ]
        },
        {
            "type": "Feature",
            "geometry": {
                "type": "Point",
                "coordinates": [
                    8.874856,
                    45.466399,
                    0
                ]
            },
            "properties": {
                "name": "CloudHQ MXP2",
                "address": "Vle Piemonte 20013 Magenta Milano Italia",
                "styleUrl": "#0",
                "label-scale": 0,
                "icon-scale": 1,
                "icon-offset": [
                    0.3,
                    0.8
                ],
                "icon-offset-units": [
                    "fraction",
                    "fraction"
                ],
                "icon": "https://batchgeo.com/images/icons/red_shadow_Marker.png",
                "ID": "87",
                "regione": "Lombardia",
                "stato": "Italia"
            },
            "bbox": [
                8.874856,
                45.466399,
                8.874856,
                45.466399
            ]
        },
        {
            "type": "Feature",
            "geometry": {
                "type": "Point",
                "coordinates": [
                    8.874856,
                    45.466399,
                    0
                ]
            },
            "properties": {
                "name": "CloudHQ MXP1",
                "address": "Vle Piemonte 20013 Magenta Milano Italia",
                "styleUrl": "#0",
                "label-scale": 0,
                "icon-scale": 1,
                "icon-offset": [
                    0.3,
                    0.8
                ],
                "icon-offset-units": [
                    "fraction",
                    "fraction"
                ],
                "icon": "https://batchgeo.com/images/icons/red_shadow_Marker.png",
                "ID": "88",
                "regione": "Lombardia",
                "stato": "Italia"
            },
            "bbox": [
                8.874856,
                45.466399,
                8.874856,
                45.466399
            ]
        },
        {
            "type": "Feature",
            "geometry": {
                "type": "Point",
                "coordinates": [
                    8.874856,
                    45.466399,
                    0
                ]
            },
            "properties": {
                "name": "CloudHQ MXP3",
                "address": "Vle Piemonte 20013 Magenta Milano Italia",
                "styleUrl": "#0",
                "label-scale": 0,
                "icon-scale": 1,
                "icon-offset": [
                    0.3,
                    0.8
                ],
                "icon-offset-units": [
                    "fraction",
                    "fraction"
                ],
                "icon": "https://batchgeo.com/images/icons/red_shadow_Marker.png",
                "ID": "89",
                "regione": "Lombardia",
                "stato": "Italia"
            },
            "bbox": [
                8.874856,
                45.466399,
                8.874856,
                45.466399
            ]
        },
        {
            "type": "Feature",
            "geometry": {
                "type": "Point",
                "coordinates": [
                    8.874856,
                    45.466399,
                    0
                ]
            },
            "properties": {
                "name": "CloudHQ MXP5",
                "address": "Vle Piemonte 20013 Magenta Milano Italia",
                "styleUrl": "#0",
                "label-scale": 0,
                "icon-scale": 1,
                "icon-offset": [
                    0.3,
                    0.8
                ],
                "icon-offset-units": [
                    "fraction",
                    "fraction"
                ],
                "icon": "https://batchgeo.com/images/icons/red_shadow_Marker.png",
                "ID": "91",
                "regione": "Lombardia",
                "stato": "Italia"
            },
            "bbox": [
                8.874856,
                45.466399,
                8.874856,
                45.466399
            ]
        },
        {
            "type": "Feature",
            "geometry": {
                "type": "Point",
                "coordinates": [
                    9.311418,
                    45.352465,
                    0
                ]
            },
            "properties": {
                "name": "Vantage MXP1 - Milan Campus",
                "address": "Via per Carpiano 30 20077 Melegnano Milano Italia",
                "styleUrl": "#0",
                "label-scale": 0,
                "icon-scale": 1,
                "icon-offset": [
                    0.3,
                    0.8
                ],
                "icon-offset-units": [
                    "fraction",
                    "fraction"
                ],
                "icon": "https://batchgeo.com/images/icons/red_shadow_Marker.png",
                "ID": "30",
                "regione": "Lombardia",
                "stato": "Italia"
            },
            "bbox": [
                9.311418,
                45.352465,
                9.311418,
                45.352465
            ]
        },
        {
            "type": "Feature",
            "geometry": {
                "type": "Point",
                "coordinates": [
                    9.101988,
                    45.477341
                ]
            },
            "properties": {
                "Name": "ULI Data Center",
                "Azienda": "Utility Line Italia (ULI)",
                "indirizzo": "Via Caldera, 21 20153 ",
                "info": "https://www.datacentermap.com/italy/milan/uli-data-center/"
            },
            "bbox": [
                9.101988,
                45.477341,
                9.101988,
                45.477341
            ]
        },
        {
            "type": "Feature",
            "geometry": {
                "type": "Point",
                "coordinates": [
                    9.036665,
                    45.476552
                ]
            },
            "properties": {
                "Azienda": "EQUINIX HYPERSCALE 2 (ML10) S.R.L.",
                "Name": "Equinix ML8",
                "indirizzo": "Via Marisa Bellisario 7, 20019, Settimo Milanese",
                "info": "https://www.datacentermap.com/italy/milan/equinix-ml8/"
            },
            "bbox": [
                9.036665,
                45.476552,
                9.036665,
                45.476552
            ]
        },
        {
            "type": "Feature",
            "geometry": {
                "type": "Point",
                "coordinates": [
                    9.034442,
                    45.476602
                ]
            },
            "properties": {
                "Name": "Equinix ML10",
                "Azienda": "EQUINIX HYPERSCALE 2 (ML10) S.R.L.",
                "indirizzo": "Via Marisa Bellisario 7, 20019, Settimo Milanese",
                "info": "https://www.datacentermap.com/italy/milan/equinix-ml10/"
            },
            "bbox": [
                9.034442,
                45.476602,
                9.034442,
                45.476602
            ]
        },
        {
            "type": "Feature",
            "geometry": {
                "type": "Point",
                "coordinates": [
                    9.033493,
                    45.476069
                ]
            },
            "properties": {
                "Name": "Equinix ML9",
                "Azienda": "EQUINIX HYPERSCALE 2 (ML10) S.R.L.",
                "indirizzo": "Via Marisa Bellisario 7, 20019, Settimo Milanese",
                "altro": "https://va.mite.gov.it/it-IT/Oggetti/Documentazione/10745/16010"
            },
            "bbox": [
                9.033493,
                45.476069,
                9.033493,
                45.476069
            ]
        },
        {
            "type": "Feature",
            "geometry": {
                "type": "Point",
                "coordinates": [
                    9.037668,
                    45.476874
                ]
            },
            "properties": {
                "Name": "Equinix ML7x",
                "Azienda": "EQUINIX HYPERSCALE 2 (ML10) S.R.L.",
                "indirizzo": "Via Marisa Bellisario 7, 20019, Settimo Milanese",
                "info": "https://www.datacentermap.com/italy/milan/equinix-ml7x/"
            },
            "bbox": [
                9.037668,
                45.476874,
                9.037668,
                45.476874
            ]
        },
        {
            "type": "Feature",
            "geometry": {
                "type": "Point",
                "coordinates": [
                    9.03541,
                    45.476879
                ]
            },
            "properties": {
                "Name": "Equinix ML11",
                "Azienda": "EQUINIX HYPERSCALE 2 (ML10) S.R.L.",
                "indirizzo": "Via Marisa Bellisario 7, 20019, Settimo Milanese",
                "info": "https://www.datacentermap.com/italy/milan/equinix-ml101/",
                "altro": "https://va.mite.gov.it/it-IT/Oggetti/Documentazione/11899/18367?pagina=2"
            },
            "bbox": [
                9.03541,
                45.476879,
                9.03541,
                45.476879
            ]
        },
        {
            "type": "Feature",
            "geometry": {
                "type": "Point",
                "coordinates": [
                    9.311418,
                    45.352465,
                    0
                ]
            },
            "properties": {
                "name": "Vantage MXP1 - Building 3",
                "address": "Via per Carpiano 30 20077 Melegnano Milano Italia",
                "styleUrl": "#0",
                "label-scale": 0,
                "icon-scale": 1,
                "icon-offset": [
                    0.3,
                    0.8
                ],
                "icon-offset-units": [
                    "fraction",
                    "fraction"
                ],
                "icon": "https://batchgeo.com/images/icons/red_shadow_Marker.png",
                "ID": "50",
                "regione": "Lombardia",
                "stato": "Italia"
            },
            "bbox": [
                9.311418,
                45.352465,
                9.311418,
                45.352465
            ]
        },
        {
            "type": "Feature",
            "geometry": {
                "type": "Point",
                "coordinates": [
                    9.311418,
                    45.352465,
                    0
                ]
            },
            "properties": {
                "name": "Vantage MXP1 - Building 2",
                "address": "Via per Carpiano 30 20077 Melegnano Milano Italia",
                "styleUrl": "#0",
                "label-scale": 0,
                "icon-scale": 1,
                "icon-offset": [
                    0.3,
                    0.8
                ],
                "icon-offset-units": [
                    "fraction",
                    "fraction"
                ],
                "icon": "https://batchgeo.com/images/icons/red_shadow_Marker.png",
                "ID": "51",
                "regione": "Lombardia",
                "stato": "Italia"
            },
            "bbox": [
                9.311418,
                45.352465,
                9.311418,
                45.352465
            ]
        },
        {
            "type": "Feature",
            "geometry": {
                "type": "Point",
                "coordinates": [
                    9.311418,
                    45.352465,
                    0
                ]
            },
            "properties": {
                "name": "Vantage MXP1 - Building 1",
                "address": "Via per Carpiano 30 20077 Melegnano Milano Italia",
                "styleUrl": "#0",
                "label-scale": 0,
                "icon-scale": 1,
                "icon-offset": [
                    0.3,
                    0.8
                ],
                "icon-offset-units": [
                    "fraction",
                    "fraction"
                ],
                "icon": "https://batchgeo.com/images/icons/red_shadow_Marker.png",
                "ID": "52",
                "regione": "Lombardia",
                "stato": "Italia"
            },
            "bbox": [
                9.311418,
                45.352465,
                9.311418,
                45.352465
            ]
        },
        {
            "type": "Feature",
            "geometry": {
                "type": "Point",
                "coordinates": [
                    9.311418,
                    45.352465,
                    0
                ]
            },
            "properties": {
                "name": "Vantage MXP1 - Building 4",
                "address": "Via per Carpiano 30 20077 Melegnano Milano Italia",
                "styleUrl": "#0",
                "label-scale": 0,
                "icon-scale": 1,
                "icon-offset": [
                    0.3,
                    0.8
                ],
                "icon-offset-units": [
                    "fraction",
                    "fraction"
                ],
                "icon": "https://batchgeo.com/images/icons/red_shadow_Marker.png",
                "ID": "53",
                "regione": "Lombardia",
                "stato": "Italia"
            },
            "bbox": [
                9.311418,
                45.352465,
                9.311418,
                45.352465
            ]
        },
        {
            "type": "Feature",
            "geometry": {
                "type": "Point",
                "coordinates": [
                    9.307792,
                    45.350979,
                    0
                ]
            },
            "properties": {
                "name": "GDC - Milan 1 Data Center",
                "address": "Via per Carpiano 20077 Melegnano Milano Italia",
                "styleUrl": "#0",
                "label-scale": 0,
                "icon-scale": 1,
                "icon-offset": [
                    0.3,
                    0.8
                ],
                "icon-offset-units": [
                    "fraction",
                    "fraction"
                ],
                "icon": "https://batchgeo.com/images/icons/red_shadow_Marker.png",
                "ID": "37",
                "regione": "Lombardia",
                "stato": "Italia"
            },
            "bbox": [
                9.307792,
                45.350979,
                9.307792,
                45.350979
            ]
        },
        {
            "type": "Feature",
            "geometry": {
                "type": "Point",
                "coordinates": [
                    9.410657,
                    45.495694,
                    0
                ]
            },
            "properties": {
                "name": "STACK Infrastructure MIL09A",
                "address": "Via Marco Polo, 2 20066 Melzo Milano Italia",
                "styleUrl": "#0",
                "label-scale": 0,
                "icon-scale": 1,
                "icon-offset": [
                    0.3,
                    0.8
                ],
                "icon-offset-units": [
                    "fraction",
                    "fraction"
                ],
                "icon": "https://batchgeo.com/images/icons/red_shadow_Marker.png",
                "ID": "35",
                "regione": "Lombardia",
                "stato": "Italia"
            },
            "bbox": [
                9.410657,
                45.495694,
                9.410657,
                45.495694
            ]
        },
        {
            "type": "Feature",
            "geometry": {
                "type": "Point",
                "coordinates": [
                    9.066991,
                    45.480391,
                    0
                ]
            },
            "properties": {
                "name": "Retelit Avalon 2",
                "address": "Via Fermi 47 20019 Milano Milano Italia",
                "styleUrl": "#0",
                "label-scale": 0,
                "icon-scale": 1,
                "icon-offset": [
                    0.3,
                    0.8
                ],
                "icon-offset-units": [
                    "fraction",
                    "fraction"
                ],
                "icon": "https://batchgeo.com/images/icons/red_shadow_Marker.png",
                "ID": "18",
                "regione": "Lombardia",
                "stato": "Italia"
            },
            "bbox": [
                9.066991,
                45.480391,
                9.066991,
                45.480391
            ]
        },
        {
            "type": "Feature",
            "geometry": {
                "type": "Point",
                "coordinates": [
                    9.147319,
                    45.448639,
                    0
                ]
            },
            "properties": {
                "name": "Equinix ML2",
                "address": "Via Savona, 125 20144 Milano Milano Italia",
                "styleUrl": "#0",
                "label-scale": 0,
                "icon-scale": 1,
                "icon-offset": [
                    0.3,
                    0.8
                ],
                "icon-offset-units": [
                    "fraction",
                    "fraction"
                ],
                "icon": "https://batchgeo.com/images/icons/red_shadow_Marker.png",
                "ID": "2",
                "regione": "Lombardia",
                "stato": "Italia"
            },
            "bbox": [
                9.147319,
                45.448639,
                9.147319,
                45.448639
            ]
        },
        {
            "type": "Feature",
            "geometry": {
                "type": "Point",
                "coordinates": [
                    9.120745,
                    45.448086,
                    0
                ]
            },
            "properties": {
                "name": "Retelit Avalon 3",
                "address": "Via Bisceglie 95 20152 Milano Milano Italia",
                "styleUrl": "#0",
                "label-scale": 0,
                "icon-scale": 1,
                "icon-offset": [
                    0.3,
                    0.8
                ],
                "icon-offset-units": [
                    "fraction",
                    "fraction"
                ],
                "icon": "https://batchgeo.com/images/icons/red_shadow_Marker.png",
                "ID": "4",
                "regione": "Lombardia",
                "stato": "Italia"
            },
            "bbox": [
                9.120745,
                45.448086,
                9.120745,
                45.448086
            ]
        },
        {
            "type": "Feature",
            "geometry": {
                "type": "Point",
                "coordinates": [
                    9.112998,
                    45.446908
                ]
            },
            "properties": {
                "name": "Vodafone Milan Data Center",
                "address": "Via Anna Kuliscioff, 3238 20152 Milano Milano Italia",
                "styleUrl": "#0",
                "label-scale": 0,
                "icon-scale": 1,
                "icon-offset": [
                    0.3,
                    0.8
                ],
                "icon-offset-units": [
                    "fraction",
                    "fraction"
                ],
                "icon": "https://batchgeo.com/images/icons/red_shadow_Marker.png",
                "ID": "12",
                "regione": "Lombardia",
                "stato": "Italia"
            },
            "bbox": [
                9.112998,
                45.446908,
                9.112998,
                45.446908
            ]
        },
        {
            "type": "Feature",
            "geometry": {
                "type": "Point",
                "coordinates": [
                    9.118117,
                    45.452356
                ]
            },
            "properties": {
                "name": "Keppel Milan Data Centre",
                "address": "71 Via Bisceglie 20152 Milano Milano Italia",
                "styleUrl": "#0",
                "label-scale": 0,
                "icon-scale": 1,
                "icon-offset": [
                    0.3,
                    0.8
                ],
                "icon-offset-units": [
                    "fraction",
                    "fraction"
                ],
                "icon": "https://batchgeo.com/images/icons/red_shadow_Marker.png",
                "ID": "13",
                "regione": "Lombardia",
                "stato": "Italia"
            },
            "bbox": [
                9.118117,
                45.452356,
                9.118117,
                45.452356
            ]
        },
        {
            "type": "Feature",
            "geometry": {
                "type": "Point",
                "coordinates": [
                    9.103939,
                    45.476211
                ]
            },
            "properties": {
                "name": "Retelit Avalon1",
                "address": "Via Caldera 21 20153 Milano Milano Italia",
                "styleUrl": "#0",
                "label-scale": 0,
                "icon-scale": 1,
                "icon-offset": [
                    0.3,
                    0.8
                ],
                "icon-offset-units": [
                    "fraction",
                    "fraction"
                ],
                "icon": "https://batchgeo.com/images/icons/red_shadow_Marker.png",
                "ID": "3",
                "regione": "Lombardia",
                "stato": "Italia"
            },
            "bbox": [
                9.103939,
                45.476211,
                9.103939,
                45.476211
            ]
        },
        {
            "type": "Feature",
            "geometry": {
                "type": "Point",
                "coordinates": [
                    9.104649,
                    45.47675,
                    0
                ]
            },
            "properties": {
                "name": "Seeweb - Milano",
                "address": "Via Caldera 21, building B 20153 Milano Milano Italia",
                "styleUrl": "#0",
                "label-scale": 0,
                "icon-scale": 1,
                "icon-offset": [
                    0.3,
                    0.8
                ],
                "icon-offset-units": [
                    "fraction",
                    "fraction"
                ],
                "icon": "https://batchgeo.com/images/icons/red_shadow_Marker.png",
                "ID": "25",
                "regione": "Lombardia",
                "stato": "Italia"
            },
            "bbox": [
                9.104649,
                45.47675,
                9.104649,
                45.47675
            ]
        },
        {
            "type": "Feature",
            "geometry": {
                "type": "Point",
                "coordinates": [
                    9.103606,
                    45.477453
                ]
            },
            "properties": {
                "name": "Telnet Caldera",
                "address": "Via Caldera 21 20153 Milano Milano Italia",
                "styleUrl": "#0",
                "label-scale": 0,
                "icon-scale": 1,
                "icon-offset": [
                    0.3,
                    0.8
                ],
                "icon-offset-units": [
                    "fraction",
                    "fraction"
                ],
                "icon": "https://batchgeo.com/images/icons/red_shadow_Marker.png",
                "ID": "36",
                "regione": "Lombardia",
                "stato": "Italia"
            },
            "bbox": [
                9.103606,
                45.477453,
                9.103606,
                45.477453
            ]
        },
        {
            "type": "Feature",
            "geometry": {
                "type": "Point",
                "coordinates": [
                    9.104036,
                    45.476239
                ]
            },
            "properties": {
                "name": "ULI Data Center",
                "address": "Via Caldera, 21 20153 Milano Milano Italia",
                "styleUrl": "#0",
                "label-scale": 0,
                "icon-scale": 1,
                "icon-offset": [
                    0.3,
                    0.8
                ],
                "icon-offset-units": [
                    "fraction",
                    "fraction"
                ],
                "icon": "https://batchgeo.com/images/icons/red_shadow_Marker.png",
                "ID": "57",
                "regione": "Lombardia",
                "stato": "Italia"
            },
            "bbox": [
                9.104036,
                45.476239,
                9.104036,
                45.476239
            ]
        },
        {
            "type": "Feature",
            "geometry": {
                "type": "Point",
                "coordinates": [
                    9.104066,
                    45.476155
                ]
            },
            "properties": {
                "name": "EXA Edge DC Milan",
                "address": "Via Caldera 21 20153 Milano Milano Italia",
                "styleUrl": "#0",
                "label-scale": 0,
                "icon-scale": 1,
                "icon-offset": [
                    0.3,
                    0.8
                ],
                "icon-offset-units": [
                    "fraction",
                    "fraction"
                ],
                "icon": "https://batchgeo.com/images/icons/red_shadow_Marker.png",
                "ID": "81",
                "regione": "Lombardia",
                "stato": "Italia"
            },
            "bbox": [
                9.104066,
                45.476155,
                9.104066,
                45.476155
            ]
        },
        {
            "type": "Feature",
            "geometry": {
                "type": "Point",
                "coordinates": [
                    9.160139,
                    45.491339,
                    0
                ]
            },
            "properties": {
                "name": "FastWeb Milan",
                "address": "Via Francesco Caracciolo, 51 20155 Milano Milano Italia",
                "styleUrl": "#0",
                "label-scale": 0,
                "icon-scale": 1,
                "icon-offset": [
                    0.3,
                    0.8
                ],
                "icon-offset-units": [
                    "fraction",
                    "fraction"
                ],
                "icon": "https://batchgeo.com/images/icons/red_shadow_Marker.png",
                "ID": "42",
                "regione": "Lombardia",
                "stato": "Italia",
                "altro": "Tier4 Fastweb + Vodafone  https://youtube.com/shorts/PuLgxZXYnv0?si=olEN6QEx1uF6O56Y"
            },
            "bbox": [
                9.160139,
                45.491339,
                9.160139,
                45.491339
            ]
        },
        {
            "type": "Feature",
            "geometry": {
                "type": "Point",
                "coordinates": [
                    9.180058,
                    45.496913,
                    0
                ]
            },
            "properties": {
                "name": "Unidata Milan",
                "address": "Viale Edoardo Jenner, 33 20158 Milano Milano Italia",
                "styleUrl": "#0",
                "label-scale": 0,
                "icon-scale": 1,
                "icon-offset": [
                    0.3,
                    0.8
                ],
                "icon-offset-units": [
                    "fraction",
                    "fraction"
                ],
                "icon": "https://batchgeo.com/images/icons/red_shadow_Marker.png",
                "ID": "14",
                "regione": "Lombardia",
                "stato": "Italia"
            },
            "bbox": [
                9.180058,
                45.496913,
                9.180058,
                45.496913
            ]
        },
        {
            "type": "Feature",
            "geometry": {
                "type": "Point",
                "coordinates": [
                    9.178619,
                    45.495262,
                    0
                ]
            },
            "properties": {
                "name": "Templus Milan MIL01",
                "address": "Via Vincenzo Lancetti 23 20158 Milano Milano Italia",
                "styleUrl": "#0",
                "label-scale": 0,
                "icon-scale": 1,
                "icon-offset": [
                    0.3,
                    0.8
                ],
                "icon-offset-units": [
                    "fraction",
                    "fraction"
                ],
                "icon": "https://batchgeo.com/images/icons/red_shadow_Marker.png",
                "ID": "17",
                "regione": "Lombardia",
                "stato": "Italia"
            },
            "bbox": [
                9.178619,
                45.495262,
                9.178619,
                45.495262
            ]
        },
        {
            "type": "Feature",
            "geometry": {
                "type": "Point",
                "coordinates": [
                    9.196954,
                    45.481684,
                    0
                ]
            },
            "properties": {
                "name": "Retelit Milano Viviani",
                "address": "Via Viviani, 8 20124 Milano Milano Italia",
                "styleUrl": "#0",
                "label-scale": 0,
                "icon-scale": 1,
                "icon-offset": [
                    0.3,
                    0.8
                ],
                "icon-offset-units": [
                    "fraction",
                    "fraction"
                ],
                "icon": "https://batchgeo.com/images/icons/red_shadow_Marker.png",
                "ID": "48",
                "regione": "Lombardia",
                "stato": "Italia"
            },
            "bbox": [
                9.196954,
                45.481684,
                9.196954,
                45.481684
            ]
        },
        {
            "type": "Feature",
            "geometry": {
                "type": "Point",
                "coordinates": [
                    9.243651,
                    45.511053,
                    0
                ]
            },
            "properties": {
                "name": "Equinix ML4",
                "address": "Via Cascia 5 20128 Milano Milano Italia",
                "styleUrl": "#0",
                "label-scale": 0,
                "icon-scale": 1,
                "icon-offset": [
                    0.3,
                    0.8
                ],
                "icon-offset-units": [
                    "fraction",
                    "fraction"
                ],
                "icon": "https://batchgeo.com/images/icons/red_shadow_Marker.png",
                "ID": "7",
                "regione": "Lombardia",
                "stato": "Italia"
            },
            "bbox": [
                9.243651,
                45.511053,
                9.243651,
                45.511053
            ]
        },
        {
            "type": "Feature",
            "geometry": {
                "type": "Point",
                "coordinates": [
                    9.102637,
                    45.477158
                ]
            },
            "properties": {
                "name": "CDLAN Caldera 21",
                "address": "Via Caldera 21 20153 Milano Milano Italia",
                "styleUrl": "#0",
                "label-scale": 0,
                "icon-scale": 1,
                "icon-offset": [
                    0.3,
                    0.8
                ],
                "icon-offset-units": [
                    "fraction",
                    "fraction"
                ],
                "icon": "https://batchgeo.com/images/icons/red_shadow_Marker.png",
                "ID": "22",
                "regione": "Lombardia",
                "stato": "Italia"
            },
            "bbox": [
                9.102637,
                45.477158,
                9.102637,
                45.477158
            ]
        },
        {
            "type": "Feature",
            "geometry": {
                "type": "Point",
                "coordinates": [
                    9.102514,
                    45.47714,
                    0
                ]
            },
            "properties": {
                "name": "T.net Caldera",
                "address": "Via Caldera, 21C 20153 Milano Milano Italia",
                "styleUrl": "#0",
                "label-scale": 0,
                "icon-scale": 1,
                "icon-offset": [
                    0.3,
                    0.8
                ],
                "icon-offset-units": [
                    "fraction",
                    "fraction"
                ],
                "icon": "https://batchgeo.com/images/icons/red_shadow_Marker.png",
                "ID": "32",
                "regione": "Lombardia",
                "stato": "Italia",
                "altro": "https://www.datacentermap.com/italy/milan/tnet-caldera/",
                "Azienda": "T.net Italia S.p.A."
            },
            "bbox": [
                9.102514,
                45.47714,
                9.102514,
                45.47714
            ]
        },
        {
            "type": "Feature",
            "geometry": {
                "type": "Point",
                "coordinates": [
                    9.104649,
                    45.47675,
                    0
                ]
            },
            "properties": {
                "name": "MIX Data Center",
                "address": "Via Caldera 21, Building D 20153 Milano Milano Italia",
                "styleUrl": "#0",
                "label-scale": 0,
                "icon-scale": 1,
                "icon-offset": [
                    0.3,
                    0.8
                ],
                "icon-offset-units": [
                    "fraction",
                    "fraction"
                ],
                "icon": "https://batchgeo.com/images/icons/red_shadow_Marker.png",
                "ID": "40",
                "regione": "Lombardia",
                "stato": "Italia"
            },
            "bbox": [
                9.104649,
                45.47675,
                9.104649,
                45.47675
            ]
        },
        {
            "type": "Feature",
            "geometry": {
                "type": "Point",
                "coordinates": [
                    9.087795,
                    45.336406
                ]
            },
            "properties": {
                "name": "Compass Milan",
                "address": "Via XXV Aprile, 20082, Santa Corinna 20082 Noviglio Milano Italia",
                "styleUrl": "#0",
                "label-scale": 0,
                "icon-scale": 1,
                "icon-offset": [
                    0.3,
                    0.8
                ],
                "icon-offset-units": [
                    "fraction",
                    "fraction"
                ],
                "icon": "https://batchgeo.com/images/icons/red_shadow_Marker.png",
                "ID": "82",
                "regione": "Lombardia",
                "stato": "Italia"
            },
            "bbox": [
                9.087795,
                45.336406,
                9.087795,
                45.336406
            ]
        },
        {
            "type": "Feature",
            "geometry": {
                "type": "Point",
                "coordinates": [
                    9.310762,
                    45.461729,
                    0
                ]
            },
            "properties": {
                "name": "Microsoft San Bovio (MIL04)",
                "address": "Via Trieste, 24 20068 Peschiera Borromeo Milano Italia",
                "styleUrl": "#0",
                "label-scale": 0,
                "icon-scale": 1,
                "icon-offset": [
                    0.3,
                    0.8
                ],
                "icon-offset-units": [
                    "fraction",
                    "fraction"
                ],
                "icon": "https://batchgeo.com/images/icons/red_shadow_Marker.png",
                "ID": "68",
                "regione": "Lombardia",
                "stato": "Italia"
            },
            "bbox": [
                9.310762,
                45.461729,
                9.310762,
                45.461729
            ]
        },
        {
            "type": "Feature",
            "geometry": {
                "type": "Point",
                "coordinates": [
                    9.006218,
                    45.520435,
                    0
                ]
            },
            "properties": {
                "name": "ex Iveco-CNH",
                "address": "Via Vanzago 18 20006 Pregnana Milanese Milano Italia",
                "styleUrl": "#0",
                "label-scale": 0,
                "icon-scale": 1,
                "icon-offset": [
                    0.3,
                    0.8
                ],
                "icon-offset-units": [
                    "fraction",
                    "fraction"
                ],
                "icon": "https://batchgeo.com/images/icons/red_shadow_Marker.png",
                "regione": "Lombardia",
                "stato": "Italia"
            },
            "bbox": [
                9.006218,
                45.520435,
                9.006218,
                45.520435
            ]
        },
        {
            "type": "Feature",
            "geometry": {
                "type": "Point",
                "coordinates": [
                    9.00568,
                    45.509935,
                    0
                ]
            },
            "properties": {
                "name": "Pregnana Innovation Campus",
                "address": "Via Olivetti 81 20006 Pregnana Milanese Milano Italia",
                "styleUrl": "#0",
                "label-scale": 0,
                "icon-scale": 1,
                "icon-offset": [
                    0.3,
                    0.8
                ],
                "icon-offset-units": [
                    "fraction",
                    "fraction"
                ],
                "icon": "https://batchgeo.com/images/icons/red_shadow_Marker.png",
                "ID": "63",
                "regione": "Lombardia",
                "stato": "Italia"
            },
            "bbox": [
                9.00568,
                45.509935,
                9.00568,
                45.509935
            ]
        },
        {
            "type": "Feature",
            "geometry": {
                "type": "Point",
                "coordinates": [
                    9.009869,
                    45.524195,
                    0
                ]
            },
            "properties": {
                "name": "DAMAC Digital MIL01",
                "address": "Viale dell'Industria, 15-3 20006 Pregnana Milanese Milano Italia",
                "styleUrl": "#0",
                "label-scale": 0,
                "icon-scale": 1,
                "icon-offset": [
                    0.3,
                    0.8
                ],
                "icon-offset-units": [
                    "fraction",
                    "fraction"
                ],
                "icon": "https://batchgeo.com/images/icons/red_shadow_Marker.png",
                "ID": "39",
                "regione": "Lombardia",
                "stato": "Italia"
            },
            "bbox": [
                9.009869,
                45.524195,
                9.009869,
                45.524195
            ]
        },
        {
            "type": "Feature",
            "geometry": {
                "type": "Point",
                "coordinates": [
                    9.074246,
                    45.520178,
                    0
                ]
            },
            "properties": {
                "name": "Amazon AWS MIL - Rho/Pero Bldg A",
                "address": "Strada Statale Sempione, 28 20017 Rho Milano Italia",
                "styleUrl": "#0",
                "label-scale": 0,
                "icon-scale": 1,
                "icon-offset": [
                    0.3,
                    0.8
                ],
                "icon-offset-units": [
                    "fraction",
                    "fraction"
                ],
                "icon": "https://batchgeo.com/images/icons/red_shadow_Marker.png",
                "ID": "84",
                "regione": "Lombardia",
                "stato": "Italia"
            },
            "bbox": [
                9.074246,
                45.520178,
                9.074246,
                45.520178
            ]
        },
        {
            "type": "Feature",
            "geometry": {
                "type": "Point",
                "coordinates": [
                    9.074246,
                    45.520178,
                    0
                ]
            },
            "properties": {
                "name": "Amazon AWS MIL - Rho/Pero Campus",
                "address": "Strada Statale Sempione 28 20017 Rho Milano Italia",
                "styleUrl": "#0",
                "label-scale": 0,
                "icon-scale": 1,
                "icon-offset": [
                    0.3,
                    0.8
                ],
                "icon-offset-units": [
                    "fraction",
                    "fraction"
                ],
                "icon": "https://batchgeo.com/images/icons/red_shadow_Marker.png",
                "ID": "86",
                "regione": "Lombardia",
                "stato": "Italia"
            },
            "bbox": [
                9.074246,
                45.520178,
                9.074246,
                45.520178
            ]
        },
        {
            "type": "Feature",
            "geometry": {
                "type": "Point",
                "coordinates": [
                    9.074246,
                    45.520178,
                    0
                ]
            },
            "properties": {
                "name": "Amazon AWS MIL - Rho/Pero Bldg B",
                "address": "Strada Statale Sempione, 28 20017 Rho Milano Italia",
                "styleUrl": "#0",
                "label-scale": 0,
                "icon-scale": 1,
                "icon-offset": [
                    0.3,
                    0.8
                ],
                "icon-offset-units": [
                    "fraction",
                    "fraction"
                ],
                "icon": "https://batchgeo.com/images/icons/red_shadow_Marker.png",
                "ID": "90",
                "regione": "Lombardia",
                "stato": "Italia"
            },
            "bbox": [
                9.074246,
                45.520178,
                9.074246,
                45.520178
            ]
        },
        {
            "type": "Feature",
            "geometry": {
                "type": "Point",
                "coordinates": [
                    9.164066,
                    45.38261,
                    0
                ]
            },
            "properties": {
                "name": "Noovle DC Rozzano",
                "address": "Viale Toscana, 3 20089 Rozzano Milano Italia",
                "styleUrl": "#0",
                "label-scale": 0,
                "icon-scale": 1,
                "icon-offset": [
                    0.3,
                    0.8
                ],
                "icon-offset-units": [
                    "fraction",
                    "fraction"
                ],
                "icon": "https://batchgeo.com/images/icons/red_shadow_Marker.png",
                "ID": "38",
                "regione": "Lombardia",
                "stato": "Italia"
            },
            "bbox": [
                9.164066,
                45.38261,
                9.164066,
                45.38261
            ]
        },
        {
            "type": "Feature",
            "geometry": {
                "type": "Point",
                "coordinates": [
                    9.253992,
                    45.3934
                ]
            },
            "properties": {
                "name": "EXA Edge DC Milanese",
                "address": "Via Brianza, 1517 20098 San Giuliano Milanese Milano Italia",
                "styleUrl": "#0",
                "label-scale": 0,
                "icon-scale": 1,
                "icon-offset": [
                    0.3,
                    0.8
                ],
                "icon-offset-units": [
                    "fraction",
                    "fraction"
                ],
                "icon": "https://batchgeo.com/images/icons/red_shadow_Marker.png",
                "ID": "92",
                "regione": "Lombardia",
                "stato": "Italia"
            },
            "bbox": [
                9.253992,
                45.3934,
                9.253992,
                45.3934
            ]
        },
        {
            "type": "Feature",
            "geometry": {
                "type": "Point",
                "coordinates": [
                    8.906912,
                    45.491303
                ]
            },
            "properties": {
                "name": "Noovle DC Santo Stefano Ticino",
                "address": "Via Ticino, 66 20010 Santo Stefano Ticino Milano Italia",
                "styleUrl": "#0",
                "label-scale": 0,
                "icon-scale": 1,
                "icon-offset": [
                    0.3,
                    0.8
                ],
                "icon-offset-units": [
                    "fraction",
                    "fraction"
                ],
                "icon": "https://batchgeo.com/images/icons/red_shadow_Marker.png",
                "ID": "58",
                "regione": "Lombardia",
                "stato": "Italia"
            },
            "bbox": [
                8.906912,
                45.491303,
                8.906912,
                45.491303
            ]
        },
        {
            "type": "Feature",
            "geometry": {
                "type": "Point",
                "coordinates": [
                    9.267882,
                    45.484379,
                    0
                ]
            },
            "properties": {
                "name": "CyrusOne MIL1 - Milan",
                "address": "Via Reggio Emilia, 39 20054 Segrate Milano Italia",
                "styleUrl": "#0",
                "label-scale": 0,
                "icon-scale": 1,
                "icon-offset": [
                    0.3,
                    0.8
                ],
                "icon-offset-units": [
                    "fraction",
                    "fraction"
                ],
                "icon": "https://batchgeo.com/images/icons/red_shadow_Marker.png",
                "ID": "27",
                "regione": "Lombardia",
                "stato": "Italia"
            },
            "bbox": [
                9.267882,
                45.484379,
                9.267882,
                45.484379
            ]
        },
        {
            "type": "Feature",
            "geometry": {
                "type": "Point",
                "coordinates": [
                    9.262177,
                    45.479536,
                    0
                ]
            },
            "properties": {
                "name": "CyrusOne MIL2 - Milan",
                "address": "Via Raffaele Rubattino, 90 20134 Segrate Milano Italia",
                "styleUrl": "#0",
                "label-scale": 0,
                "icon-scale": 1,
                "icon-offset": [
                    0.3,
                    0.8
                ],
                "icon-offset-units": [
                    "fraction",
                    "fraction"
                ],
                "icon": "https://batchgeo.com/images/icons/red_shadow_Marker.png",
                "ID": "26",
                "regione": "Lombardia",
                "stato": "Italia"
            },
            "bbox": [
                9.262177,
                45.479536,
                9.262177,
                45.479536
            ]
        },
        {
            "type": "Feature",
            "geometry": {
                "type": "Point",
                "coordinates": [
                    9.218826,
                    45.531324,
                    0
                ]
            },
            "properties": {
                "name": "Seeweb - Sesto San Giovanni",
                "address": "Via Milanese, 20 20099 Sesto San Giovanni Milano Italia",
                "styleUrl": "#0",
                "label-scale": 0,
                "icon-scale": 1,
                "icon-offset": [
                    0.3,
                    0.8
                ],
                "icon-offset-units": [
                    "fraction",
                    "fraction"
                ],
                "icon": "https://batchgeo.com/images/icons/red_shadow_Marker.png",
                "ID": "20",
                "regione": "Lombardia",
                "stato": "Italia"
            },
            "bbox": [
                9.218826,
                45.531324,
                9.218826,
                45.531324
            ]
        },
        {
            "type": "Feature",
            "geometry": {
                "type": "Point",
                "coordinates": [
                    9.646932,
                    45.347126,
                    0
                ]
            },
            "properties": {
                "name": "Microsoft Settala (MIL02)",
                "address": "Strada Provinciale 415 20049 Settala Milano Italia",
                "styleUrl": "#0",
                "label-scale": 0,
                "icon-scale": 1,
                "icon-offset": [
                    0.3,
                    0.8
                ],
                "icon-offset-units": [
                    "fraction",
                    "fraction"
                ],
                "icon": "https://batchgeo.com/images/icons/red_shadow_Marker.png",
                "ID": "49",
                "regione": "Lombardia",
                "stato": "Italia"
            },
            "bbox": [
                9.646932,
                45.347126,
                9.646932,
                45.347126
            ]
        },
        {
            "type": "Feature",
            "geometry": {
                "type": "Point",
                "coordinates": [
                    9.387323,
                    45.429116
                ]
            },
            "properties": {
                "name": "Microsoft Settala Campus",
                "address": "Strada Provinciale 415 20049 Settala Milano Italia",
                "styleUrl": "#0",
                "label-scale": 0,
                "icon-scale": 1,
                "icon-offset": [
                    0.3,
                    0.8
                ],
                "icon-offset-units": [
                    "fraction",
                    "fraction"
                ],
                "icon": "https://batchgeo.com/images/icons/red_shadow_Marker.png",
                "ID": "69",
                "regione": "Lombardia",
                "stato": "Italia"
            },
            "bbox": [
                9.387323,
                45.429116,
                9.387323,
                45.429116
            ]
        },
        {
            "type": "Feature",
            "geometry": {
                "type": "Point",
                "coordinates": [
                    9.386226,
                    45.428996
                ]
            },
            "properties": {
                "name": "Microsoft Settala (MIL01)",
                "address": "Strada Provinciale 415 20049 Settala Milano Italia",
                "styleUrl": "#0",
                "label-scale": 0,
                "icon-scale": 1,
                "icon-offset": [
                    0.3,
                    0.8
                ],
                "icon-offset-units": [
                    "fraction",
                    "fraction"
                ],
                "icon": "https://batchgeo.com/images/icons/red_shadow_Marker.png",
                "ID": "71",
                "regione": "Lombardia",
                "stato": "Italia"
            },
            "bbox": [
                9.386226,
                45.428996,
                9.386226,
                45.428996
            ]
        },
        {
            "type": "Feature",
            "geometry": {
                "type": "Point",
                "coordinates": [
                    9.038615,
                    45.476451,
                    0
                ]
            },
            "properties": {
                "name": "MIL03 Vaultica Data Centers",
                "address": "within Via Marisa Bellisario, Settimo Milanese 20019 Settimo Milanese Milano Italia",
                "styleUrl": "#0",
                "label-scale": 0,
                "icon-scale": 1,
                "icon-offset": [
                    0.3,
                    0.8
                ],
                "icon-offset-units": [
                    "fraction",
                    "fraction"
                ],
                "icon": "https://batchgeo.com/images/icons/red_shadow_Marker.png",
                "ID": "56",
                "regione": "Lombardia",
                "stato": "Italia"
            },
            "bbox": [
                9.038615,
                45.476451,
                9.038615,
                45.476451
            ]
        },
        {
            "type": "Feature",
            "geometry": {
                "type": "Point",
                "coordinates": [
                    9.037681,
                    45.476822,
                    0
                ]
            },
            "properties": {
                "name": "Equinix ML10",
                "address": "Via Marisa Bellisario, 7 20019 Settimo Milanese Milano Italia",
                "styleUrl": "#0",
                "label-scale": 0,
                "icon-scale": 1,
                "icon-offset": [
                    0.3,
                    0.8
                ],
                "icon-offset-units": [
                    "fraction",
                    "fraction"
                ],
                "icon": "https://batchgeo.com/images/icons/red_shadow_Marker.png",
                "ID": "64",
                "regione": "Lombardia",
                "stato": "Italia"
            },
            "bbox": [
                9.037681,
                45.476822,
                9.037681,
                45.476822
            ]
        },
        {
            "type": "Feature",
            "geometry": {
                "type": "Point",
                "coordinates": [
                    9.038371,
                    45.475481,
                    0
                ]
            },
            "properties": {
                "name": "Equinix ML5",
                "address": "Via Reiss Romoli 40 20019 Settimo Milanese Milano Italia",
                "styleUrl": "#0",
                "label-scale": 0,
                "icon-scale": 1,
                "icon-offset": [
                    0.3,
                    0.8
                ],
                "icon-offset-units": [
                    "fraction",
                    "fraction"
                ],
                "icon": "https://batchgeo.com/images/icons/red_shadow_Marker.png",
                "ID": "6",
                "regione": "Lombardia",
                "stato": "Italia"
            },
            "bbox": [
                9.038371,
                45.475481,
                9.038371,
                45.475481
            ]
        },
        {
            "type": "Feature",
            "geometry": {
                "type": "Point",
                "coordinates": [
                    9.038435,
                    45.475439,
                    0
                ]
            },
            "properties": {
                "name": "Equinix ML7x",
                "address": "Via Marisa Bellisario, 5 20019 Settimo Milanese Milano Italia",
                "styleUrl": "#0",
                "label-scale": 0,
                "icon-scale": 1,
                "icon-offset": [
                    0.3,
                    0.8
                ],
                "icon-offset-units": [
                    "fraction",
                    "fraction"
                ],
                "icon": "https://batchgeo.com/images/icons/red_shadow_Marker.png",
                "ID": "11",
                "regione": "Lombardia",
                "stato": "Italia"
            },
            "bbox": [
                9.038435,
                45.475439,
                9.038435,
                45.475439
            ]
        },
        {
            "type": "Feature",
            "geometry": {
                "type": "Point",
                "coordinates": [
                    9.066828,
                    45.480537,
                    0
                ]
            },
            "properties": {
                "name": "Servereasy DC1",
                "address": "Via Enrico Fermi, 51 20019 Settimo Milanese Milano Italia",
                "styleUrl": "#0",
                "label-scale": 0,
                "icon-scale": 1,
                "icon-offset": [
                    0.3,
                    0.8
                ],
                "icon-offset-units": [
                    "fraction",
                    "fraction"
                ],
                "icon": "https://batchgeo.com/images/icons/red_shadow_Marker.png",
                "ID": "28",
                "regione": "Lombardia",
                "stato": "Italia"
            },
            "bbox": [
                9.066828,
                45.480537,
                9.066828,
                45.480537
            ]
        },
        {
            "type": "Feature",
            "geometry": {
                "type": "Point",
                "coordinates": [
                    9.038435,
                    45.475439,
                    0
                ]
            },
            "properties": {
                "name": "Equinix Settimo Milanese Campus",
                "address": "Via Marisa Bellisario 5 20019 Settimo Milanese Milano Italia",
                "styleUrl": "#0",
                "label-scale": 0,
                "icon-scale": 1,
                "icon-offset": [
                    0.3,
                    0.8
                ],
                "icon-offset-units": [
                    "fraction",
                    "fraction"
                ],
                "icon": "https://batchgeo.com/images/icons/red_shadow_Marker.png",
                "ID": "60",
                "regione": "Lombardia",
                "stato": "Italia"
            },
            "bbox": [
                9.038435,
                45.475439,
                9.038435,
                45.475439
            ]
        },
        {
            "type": "Feature",
            "geometry": {
                "type": "Point",
                "coordinates": [
                    9.050498,
                    45.463877,
                    0
                ]
            },
            "properties": {
                "name": "Retelit Settimo Milanese",
                "address": "Via Carlo Roberto Darwin, 85 20019 Settimo Milanese Milano Italia",
                "styleUrl": "#0",
                "label-scale": 0,
                "icon-scale": 1,
                "icon-offset": [
                    0.3,
                    0.8
                ],
                "icon-offset-units": [
                    "fraction",
                    "fraction"
                ],
                "icon": "https://batchgeo.com/images/icons/red_shadow_Marker.png",
                "ID": "65",
                "regione": "Lombardia",
                "stato": "Italia"
            },
            "bbox": [
                9.050498,
                45.463877,
                9.050498,
                45.463877
            ]
        },
        {
            "type": "Feature",
            "geometry": {
                "type": "Point",
                "coordinates": [
                    9.037681,
                    45.476822,
                    0
                ]
            },
            "properties": {
                "name": "Equinix ML11",
                "address": "Via Marisa Bellisario, 7 20019 Settimo Milanese Milano Italia",
                "styleUrl": "#0",
                "label-scale": 0,
                "icon-scale": 1,
                "icon-offset": [
                    0.3,
                    0.8
                ],
                "icon-offset-units": [
                    "fraction",
                    "fraction"
                ],
                "icon": "https://batchgeo.com/images/icons/red_shadow_Marker.png",
                "ID": "72",
                "regione": "Lombardia",
                "stato": "Italia"
            },
            "bbox": [
                9.037681,
                45.476822,
                9.037681,
                45.476822
            ]
        },
        {
            "type": "Feature",
            "geometry": {
                "type": "Point",
                "coordinates": [
                    9.037681,
                    45.476822,
                    0
                ]
            },
            "properties": {
                "name": "Equinix ML8",
                "address": "Via Marisa Bellisario, 7 20019 Settimo Milanese Milano Italia",
                "styleUrl": "#0",
                "label-scale": 0,
                "icon-scale": 1,
                "icon-offset": [
                    0.3,
                    0.8
                ],
                "icon-offset-units": [
                    "fraction",
                    "fraction"
                ],
                "icon": "https://batchgeo.com/images/icons/red_shadow_Marker.png",
                "ID": "62",
                "regione": "Lombardia",
                "stato": "Italia"
            },
            "bbox": [
                9.037681,
                45.476822,
                9.037681,
                45.476822
            ]
        },
        {
            "type": "Feature",
            "geometry": {
                "type": "Point",
                "coordinates": [
                    9.206002,
                    45.331228,
                    0
                ]
            },
            "properties": {
                "name": "STACK Infrastructure MIL08B",
                "address": "Via Marche, 810 27010 Siziano Pavia Italia",
                "styleUrl": "#0",
                "label-scale": 0,
                "icon-scale": 1,
                "icon-offset": [
                    0.3,
                    0.8
                ],
                "icon-offset-units": [
                    "fraction",
                    "fraction"
                ],
                "icon": "https://batchgeo.com/images/icons/red_shadow_Marker.png",
                "ID": "34",
                "regione": "Lombardia",
                "stato": "Italia"
            },
            "bbox": [
                9.206002,
                45.331228,
                9.206002,
                45.331228
            ]
        },
        {
            "type": "Feature",
            "geometry": {
                "type": "Point",
                "coordinates": [
                    9.205938,
                    45.331049
                ]
            },
            "properties": {
                "name": "STACK Infrastructure MIL08 Campus",
                "address": "Via Marche, 810 27010 Siziano Pavia Italia",
                "styleUrl": "#0",
                "label-scale": 0,
                "icon-scale": 1,
                "icon-offset": [
                    0.3,
                    0.8
                ],
                "icon-offset-units": [
                    "fraction",
                    "fraction"
                ],
                "icon": "https://batchgeo.com/images/icons/red_shadow_Marker.png",
                "ID": "70",
                "regione": "Lombardia",
                "stato": "Italia"
            },
            "bbox": [
                9.205938,
                45.331049,
                9.205938,
                45.331049
            ]
        },
        {
            "type": "Feature",
            "geometry": {
                "type": "Point",
                "coordinates": [
                    9.206295,
                    45.331199
                ]
            },
            "properties": {
                "name": "STACK Infrastructure MIL08A",
                "address": "Via Marche, 810 27010 Siziano Pavia Italia",
                "styleUrl": "#0",
                "label-scale": 0,
                "icon-scale": 1,
                "icon-offset": [
                    0.3,
                    0.8
                ],
                "icon-offset-units": [
                    "fraction",
                    "fraction"
                ],
                "icon": "https://batchgeo.com/images/icons/red_shadow_Marker.png",
                "ID": "73",
                "regione": "Lombardia",
                "stato": "Italia"
            },
            "bbox": [
                9.206295,
                45.331199,
                9.206295,
                45.331199
            ]
        },
        {
            "type": "Feature",
            "geometry": {
                "type": "Point",
                "coordinates": [
                    9.216213,
                    45.327973,
                    0
                ]
            },
            "properties": {
                "name": "STACK Infrastructure MIL03A",
                "address": "Via Lombardia, 8 27010 Siziano Pavia Italia",
                "styleUrl": "#0",
                "label-scale": 0,
                "icon-scale": 1,
                "icon-offset": [
                    0.3,
                    0.8
                ],
                "icon-offset-units": [
                    "fraction",
                    "fraction"
                ],
                "icon": "https://batchgeo.com/images/icons/red_shadow_Marker.png",
                "ID": "44",
                "regione": "Lombardia",
                "stato": "Italia"
            },
            "bbox": [
                9.216213,
                45.327973,
                9.216213,
                45.327973
            ]
        },
        {
            "type": "Feature",
            "geometry": {
                "type": "Point",
                "coordinates": [
                    9.200076,
                    45.318687,
                    0
                ]
            },
            "properties": {
                "name": "Milano Siziano",
                "address": "Via della Stazione 2 20084 Siziano Pavia Italia",
                "styleUrl": "#0",
                "label-scale": 0,
                "icon-scale": 1,
                "icon-offset": [
                    0.3,
                    0.8
                ],
                "icon-offset-units": [
                    "fraction",
                    "fraction"
                ],
                "icon": "https://batchgeo.com/images/icons/red_shadow_Marker.png",
                "ID": "16",
                "regione": "Lombardia",
                "stato": "Italia"
            },
            "bbox": [
                9.200076,
                45.318687,
                9.200076,
                45.318687
            ]
        },
        {
            "type": "Feature",
            "geometry": {
                "type": "Point",
                "coordinates": [
                    9.206227,
                    45.330995
                ]
            },
            "properties": {
                "name": "MIL01A Vaultica Data Centers",
                "address": "Via Marche 8-10 27010 Siziano Pavia Italia",
                "styleUrl": "#0",
                "label-scale": 0,
                "icon-scale": 1,
                "icon-offset": [
                    0.3,
                    0.8
                ],
                "icon-offset-units": [
                    "fraction",
                    "fraction"
                ],
                "icon": "https://batchgeo.com/images/icons/red_shadow_Marker.png",
                "ID": "8",
                "regione": "Lombardia",
                "stato": "Italia"
            },
            "bbox": [
                9.206227,
                45.330995,
                9.206227,
                45.330995
            ]
        },
        {
            "type": "Feature",
            "geometry": {
                "type": "Point",
                "coordinates": [
                    9.201997,
                    45.328482,
                    0
                ]
            },
            "properties": {
                "name": "STACK Infrastructure MIL02A",
                "address": "Via Marche 9 27010 Siziano Pavia Italia",
                "styleUrl": "#0",
                "label-scale": 0,
                "icon-scale": 1,
                "icon-offset": [
                    0.3,
                    0.8
                ],
                "icon-offset-units": [
                    "fraction",
                    "fraction"
                ],
                "icon": "https://batchgeo.com/images/icons/red_shadow_Marker.png",
                "ID": "15",
                "regione": "Lombardia",
                "stato": "Italia"
            },
            "bbox": [
                9.201997,
                45.328482,
                9.201997,
                45.328482
            ]
        },
        {
            "type": "Feature",
            "geometry": {
                "type": "Point",
                "coordinates": [
                    9.207572,
                    45.33078
                ]
            },
            "properties": {
                "name": "MIL01 Vaultica Data Centers",
                "address": "Via Marche 8-10 27010 Siziano Pavia Italia",
                "styleUrl": "#0",
                "label-scale": 0,
                "icon-scale": 1,
                "icon-offset": [
                    0.3,
                    0.8
                ],
                "icon-offset-units": [
                    "fraction",
                    "fraction"
                ],
                "icon": "https://batchgeo.com/images/icons/red_shadow_Marker.png",
                "ID": "19",
                "regione": "Lombardia",
                "stato": "Italia"
            },
            "bbox": [
                9.207572,
                45.33078,
                9.207572,
                45.33078
            ]
        },
        {
            "type": "Feature",
            "geometry": {
                "type": "Point",
                "coordinates": [
                    9.206525,
                    45.331175
                ]
            },
            "properties": {
                "name": "MOMIT SRL",
                "address": "Via Marche 10 27010 Siziano Pavia Italia",
                "styleUrl": "#0",
                "label-scale": 0,
                "icon-scale": 1,
                "icon-offset": [
                    0.3,
                    0.8
                ],
                "icon-offset-units": [
                    "fraction",
                    "fraction"
                ],
                "icon": "https://batchgeo.com/images/icons/red_shadow_Marker.png",
                "ID": "21",
                "regione": "Lombardia",
                "stato": "Italia"
            },
            "bbox": [
                9.206525,
                45.331175,
                9.206525,
                45.331175
            ]
        },
        {
            "type": "Feature",
            "geometry": {
                "type": "Point",
                "coordinates": [
                    9.203853,
                    45.331169
                ]
            },
            "properties": {
                "name": "MIL01B Vaultica Data Centers",
                "address": "Via Marche 8-10 27010 Siziano Pavia Italia",
                "styleUrl": "#0",
                "label-scale": 0,
                "icon-scale": 1,
                "icon-offset": [
                    0.3,
                    0.8
                ],
                "icon-offset-units": [
                    "fraction",
                    "fraction"
                ],
                "icon": "https://batchgeo.com/images/icons/red_shadow_Marker.png",
                "ID": "43",
                "regione": "Lombardia",
                "stato": "Italia"
            },
            "bbox": [
                9.203853,
                45.331169,
                9.203853,
                45.331169
            ]
        },
        {
            "type": "Feature",
            "geometry": {
                "type": "Point",
                "coordinates": [
                    9.136677,
                    45.238339,
                    0
                ]
            },
            "properties": {
                "name": "STACK Infrastructure MIL04A",
                "address": "Via Alzaia 1 27010 Vellezzo Bellini Pavia Italia",
                "styleUrl": "#0",
                "label-scale": 0,
                "icon-scale": 1,
                "icon-offset": [
                    0.3,
                    0.8
                ],
                "icon-offset-units": [
                    "fraction",
                    "fraction"
                ],
                "icon": "https://batchgeo.com/images/icons/red_shadow_Marker.png",
                "ID": "75",
                "regione": "Lombardia",
                "stato": "Italia"
            },
            "bbox": [
                9.136677,
                45.238339,
                9.136677,
                45.238339
            ]
        },
        {
            "type": "Feature",
            "geometry": {
                "type": "Point",
                "coordinates": [
                    9.136677,
                    45.238339,
                    0
                ]
            },
            "properties": {
                "name": "STACK Infrastructure MIL04D",
                "address": "Via Alzaia 1 27010 Vellezzo Bellini Pavia Italia",
                "styleUrl": "#0",
                "label-scale": 0,
                "icon-scale": 1,
                "icon-offset": [
                    0.3,
                    0.8
                ],
                "icon-offset-units": [
                    "fraction",
                    "fraction"
                ],
                "icon": "https://batchgeo.com/images/icons/red_shadow_Marker.png",
                "ID": "76",
                "regione": "Lombardia",
                "stato": "Italia"
            },
            "bbox": [
                9.136677,
                45.238339,
                9.136677,
                45.238339
            ]
        },
        {
            "type": "Feature",
            "geometry": {
                "type": "Point",
                "coordinates": [
                    9.136677,
                    45.238339,
                    0
                ]
            },
            "properties": {
                "name": "STACK Infrastructure MIL04B",
                "address": "Via Alzaia 1 27010 Vellezzo Bellini Pavia Italia",
                "styleUrl": "#0",
                "label-scale": 0,
                "icon-scale": 1,
                "icon-offset": [
                    0.3,
                    0.8
                ],
                "icon-offset-units": [
                    "fraction",
                    "fraction"
                ],
                "icon": "https://batchgeo.com/images/icons/red_shadow_Marker.png",
                "ID": "77",
                "regione": "Lombardia",
                "stato": "Italia"
            },
            "bbox": [
                9.136677,
                45.238339,
                9.136677,
                45.238339
            ]
        },
        {
            "type": "Feature",
            "geometry": {
                "type": "Point",
                "coordinates": [
                    9.136677,
                    45.238339,
                    0
                ]
            },
            "properties": {
                "name": "STACK Infrastructure MIL04C",
                "address": "Via Alzaia 1 27010 Vellezzo Bellini Pavia Italia",
                "styleUrl": "#0",
                "label-scale": 0,
                "icon-scale": 1,
                "icon-offset": [
                    0.3,
                    0.8
                ],
                "icon-offset-units": [
                    "fraction",
                    "fraction"
                ],
                "icon": "https://batchgeo.com/images/icons/red_shadow_Marker.png",
                "ID": "78",
                "regione": "Lombardia",
                "stato": "Italia"
            },
            "bbox": [
                9.136677,
                45.238339,
                9.136677,
                45.238339
            ]
        },
        {
            "type": "Feature",
            "geometry": {
                "type": "Point",
                "coordinates": [
                    9.136677,
                    45.238339,
                    0
                ]
            },
            "properties": {
                "name": "STACK Infrastructure MIL04 Campus",
                "address": "Via Alzaia 1 27010 Vellezzo Bellini Pavia Italia",
                "styleUrl": "#0",
                "label-scale": 0,
                "icon-scale": 1,
                "icon-offset": [
                    0.3,
                    0.8
                ],
                "icon-offset-units": [
                    "fraction",
                    "fraction"
                ],
                "icon": "https://batchgeo.com/images/icons/red_shadow_Marker.png",
                "ID": "46",
                "regione": "Lombardia",
                "stato": "Italia"
            },
            "bbox": [
                9.136677,
                45.238339,
                9.136677,
                45.238339
            ]
        },
        {
            "type": "Feature",
            "geometry": {
                "type": "Point",
                "coordinates": [
                    9.357686,
                    45.630595
                ]
            },
            "properties": {
                "name": "QTS Vimercate DC2",
                "address": "Via John Fitzgerald Kennedy, 34 20871 Vimercate Monza e Brianza Italia",
                "styleUrl": "#0",
                "label-scale": 0,
                "icon-scale": 1,
                "icon-offset": [
                    0.3,
                    0.8
                ],
                "icon-offset-units": [
                    "fraction",
                    "fraction"
                ],
                "icon": "https://batchgeo.com/images/icons/red_shadow_Marker.png",
                "ID": "101",
                "regione": "Lombardia",
                "stato": "Italia"
            },
            "bbox": [
                9.357686,
                45.630595,
                9.357686,
                45.630595
            ]
        },
        {
            "type": "Feature",
            "geometry": {
                "type": "Point",
                "coordinates": [
                    9.357786,
                    45.630435
                ]
            },
            "properties": {
                "name": "QTS Vimercate DC3",
                "address": "Via John Fitzgerald Kennedy, 34 20871 Vimercate Monza e Brianza Italia",
                "styleUrl": "#0",
                "label-scale": 0,
                "icon-scale": 1,
                "icon-offset": [
                    0.3,
                    0.8
                ],
                "icon-offset-units": [
                    "fraction",
                    "fraction"
                ],
                "icon": "https://batchgeo.com/images/icons/red_shadow_Marker.png",
                "ID": "116",
                "regione": "Lombardia",
                "stato": "Italia"
            },
            "bbox": [
                9.357786,
                45.630435,
                9.357786,
                45.630435
            ]
        },
        {
            "type": "Feature",
            "geometry": {
                "type": "Point",
                "coordinates": [
                    9.357528,
                    45.630465
                ]
            },
            "properties": {
                "name": "QTS Vimercate DC1",
                "address": "Via John Fitzgerald Kennedy, 34 20871 Vimercate Monza e Brianza Italia",
                "styleUrl": "#0",
                "label-scale": 0,
                "icon-scale": 1,
                "icon-offset": [
                    0.3,
                    0.8
                ],
                "icon-offset-units": [
                    "fraction",
                    "fraction"
                ],
                "icon": "https://batchgeo.com/images/icons/red_shadow_Marker.png",
                "ID": "117",
                "regione": "Lombardia",
                "stato": "Italia"
            },
            "bbox": [
                9.357528,
                45.630465,
                9.357528,
                45.630465
            ]
        },
        {
            "type": "Feature",
            "geometry": {
                "type": "Point",
                "coordinates": [
                    8.960227,
                    45.479918
                ]
            },
            "properties": {
                "name": "DATA4 Milan MIL02-DC1",
                "address": "Via Giovanni Pascoli 20009 Vittuone Milano Italia",
                "styleUrl": "#0",
                "label-scale": 0,
                "icon-scale": 1,
                "icon-offset": [
                    0.3,
                    0.8
                ],
                "icon-offset-units": [
                    "fraction",
                    "fraction"
                ],
                "icon": "https://batchgeo.com/images/icons/red_shadow_Marker.png",
                "ID": "96",
                "regione": "Lombardia",
                "stato": "Italia"
            },
            "bbox": [
                8.960227,
                45.479918,
                8.960227,
                45.479918
            ]
        },
        {
            "type": "Feature",
            "geometry": {
                "type": "Point",
                "coordinates": [
                    8.96,
                    45.479928
                ]
            },
            "properties": {
                "name": "DATA4 Milan MIL02-DC2",
                "address": "Via Giovanni Pascoli 20009 Vittuone Milano Italia",
                "styleUrl": "#0",
                "label-scale": 0,
                "icon-scale": 1,
                "icon-offset": [
                    0.3,
                    0.8
                ],
                "icon-offset-units": [
                    "fraction",
                    "fraction"
                ],
                "icon": "https://batchgeo.com/images/icons/red_shadow_Marker.png",
                "ID": "111",
                "regione": "Lombardia",
                "stato": "Italia"
            },
            "bbox": [
                8.96,
                45.479928,
                8.96,
                45.479928
            ]
        },
        {
            "type": "Feature",
            "geometry": {
                "type": "Point",
                "coordinates": [
                    9.127446,
                    45.365506
                ]
            },
            "properties": {
                "name": "Amazon AWS MIL - Zibido San Giacomo",
                "address": "Strada Provinziale 390, 37 20058 Zibido San Giacomo Milano Italia",
                "styleUrl": "#0",
                "label-scale": 0,
                "icon-scale": 1,
                "icon-offset": [
                    0.3,
                    0.8
                ],
                "icon-offset-units": [
                    "fraction",
                    "fraction"
                ],
                "icon": "https://batchgeo.com/images/icons/red_shadow_Marker.png",
                "ID": "33",
                "regione": "Lombardia",
                "stato": "Italia"
            },
            "bbox": [
                9.127446,
                45.365506,
                9.127446,
                45.365506
            ]
        },
        {
            "type": "Feature",
            "properties": {
                "name": "Apto DC Lacchiarella - Building 1",
                "address": "Strada Provinciale 105 20084 Lacchiarella Milano Italia",
                "ID": 108
            },
            "geometry": {
                "type": "Polygon",
                "coordinates": [
                    [
                        [
                            9.123104,
                            45.338754
                        ],
                        [
                            9.123491,
                            45.338044
                        ],
                        [
                            9.125152,
                            45.338497
                        ],
                        [
                            9.126667,
                            45.338923
                        ],
                        [
                            9.126285,
                            45.339641
                        ],
                        [
                            9.123104,
                            45.338754
                        ]
                    ]
                ]
            },
            "bbox": [
                9.123104,
                45.338044,
                9.126667,
                45.339641
            ]
        },
        {
            "type": "Feature",
            "properties": {
                "name": "Apto DC Lacchiarella - Building 2",
                "address": "Strada Provinciale 105 20084 Lacchiarella Milano Italia",
                "ID": 103
            },
            "geometry": {
                "type": "Polygon",
                "coordinates": [
                    [
                        [
                            9.123721,
                            45.337659
                        ],
                        [
                            9.124142,
                            45.336914
                        ],
                        [
                            9.127204,
                            45.337849
                        ],
                        [
                            9.126817,
                            45.33857
                        ],
                        [
                            9.123721,
                            45.337659
                        ]
                    ]
                ]
            },
            "bbox": [
                9.123721,
                45.336914,
                9.127204,
                45.33857
            ]
        },
        {
            "type": "Feature",
            "properties": {
                "name": "Apto DC Lacchiarella - Building 3",
                "address": "Strada Provinciale 105 20084 Lacchiarella Milano Italia",
                "ID": 104
            },
            "geometry": {
                "type": "Polygon",
                "coordinates": [
                    [
                        [
                            9.124344,
                            45.336583
                        ],
                        [
                            9.124815,
                            45.335873
                        ],
                        [
                            9.127692,
                            45.336831
                        ],
                        [
                            9.127238,
                            45.337529
                        ],
                        [
                            9.124344,
                            45.336583
                        ]
                    ]
                ]
            },
            "bbox": [
                9.124344,
                45.335873,
                9.127692,
                45.337529
            ]
        },
        {
            "type": "Feature",
            "properties": {
                "name": "Apto DC Lacchiarella - Building 4",
                "address": "Strada Provinciale 105 20084 Lacchiarella Milano Italia",
                "ID": 98
            },
            "geometry": {
                "type": "Polygon",
                "coordinates": [
                    [
                        [
                            9.129627,
                            45.336246
                        ],
                        [
                            9.130076,
                            45.335516
                        ],
                        [
                            9.132123,
                            45.336146
                        ],
                        [
                            9.131715,
                            45.336862
                        ],
                        [
                            9.129627,
                            45.336246
                        ]
                    ]
                ]
            },
            "bbox": [
                9.129627,
                45.335516,
                9.132123,
                45.336862
            ]
        },
        {
            "type": "Feature",
            "properties": {
                "ID": 115,
                "name": "Apto DC Lacchiarella - Building 5",
                "address": "Strada Provinciale 105 20084 Lacchiarella Milano Italia"
            },
            "geometry": {
                "type": "Polygon",
                "coordinates": [
                    [
                        [
                            9.130063,
                            45.33524
                        ],
                        [
                            9.130603,
                            45.334531
                        ],
                        [
                            9.132406,
                            45.335047
                        ],
                        [
                            9.131978,
                            45.335834
                        ],
                        [
                            9.130063,
                            45.33524
                        ]
                    ]
                ]
            },
            "bbox": [
                9.130063,
                45.334531,
                9.132406,
                45.335834
            ]
        },
        {
            "type": "Feature",
            "properties": {
                "name": "Microsoft Settala Campus",
                "ID": 69,
                "indirizzo": "SP 415",
                "altro": "https://maps.app.goo.gl/XTW4NZkE8x1cEyoW7"
            },
            "geometry": {
                "type": "Polygon",
                "coordinates": [
                    [
                        [
                            9.384364,
                            45.428377
                        ],
                        [
                            9.388869,
                            45.427977
                        ],
                        [
                            9.388518,
                            45.42887
                        ],
                        [
                            9.388073,
                            45.428799
                        ],
                        [
                            9.387526,
                            45.429966
                        ],
                        [
                            9.384559,
                            45.42938
                        ],
                        [
                            9.384364,
                            45.428377
                        ]
                    ]
                ]
            },
            "bbox": [
                9.384364,
                45.427977,
                9.388869,
                45.429966
            ]
        }
    ]
}